StationUniqueId,Name,FareZones,PlatformUniqueId,Line,DirectionTowards,MinGap,MaxGap,AverageGap,MinStep,MaxStep,AverageStep,DesignatedLevelAccessPoint,LevelAccessByManualRamp,AdditionalAccessibilityInformation
HUBABW,Abbey Wood,4,HUBABW-Plat01-WB-national-rail,national-rail,,,,,,,,False,True,
HUBABW,Abbey Wood,4,HUBABW-Plat02-EB-national-rail,national-rail,,,,,,,,False,True,
HUBABW,Abbey Wood,4,HUBABW-Plat03-WB-elizabeth,elizabeth,,,,,,,,False,True,
HUBABW,Abbey Wood,4,HUBABW-Plat04-WB-elizabeth,elizabeth,,,,,,,,False,True,
910GACTNCTL,Acton Central,3,910GACTNCTL-Plat01-WB-london-overground,mildmay,Richmond,,,,,,,False,True,Step-free platform interchange requires a 50m journey via street. Use East Churchfield Road entrance for westbound and Churchfield Road for eastbound
910GACTNCTL,Acton Central,3,910GACTNCTL-Plat02-EB-london-overground,mildmay,Stratford,,,,,,,False,True,
910GACTONML,Acton Main Line,3,910GACTONML-Plat03-WB-elizabeth,elizabeth,,,,,,,,False,True,
910GACTONML,Acton Main Line,3,910GACTONML-Plat04-EB-elizabeth,elizabeth,,,,,,,,False,True,
910GANERLEY,Anerley,4,910GANERLEY-Plat01-NB-london-overground|national-rail,windrush,Dalston Junction,,,,,,,False,True,
910GANERLEY,Anerley,4,910GANERLEY-Plat01-NB-london-overground|national-rail,national-rail,,,,,,,,False,False,
910GANERLEY,Anerley,4,910GANERLEY-Plat02-SB-london-overground|national-rail,windrush,West Croydon,,,,,,,False,True,
910GANERLEY,Anerley,4,910GANERLEY-Plat02-SB-london-overground|national-rail,national-rail,,,,,,,,False,False,
910GBCKNHMH,Beckenham Hill,4,910GBCKNHMH-Plat01-NB-national-rail,national-rail,,,,,,,,False,True,"Not operated by TfL. If you need assistance, please check assisted travel at www.thameslinkrailway.co.uk"
910GBCKNHMH,Beckenham Hill,4,910GBCKNHMH-Plat02-SB-national-rail,national-rail,,,,,,,,False,True,"Not operated by TfL. If you need assistance, please check assisted travel at www.thameslinkrailway.co.uk"
910GBELNGHM,Bellingham,3,910GBELNGHM-Plat01-NB-national-rail,national-rail,,,,,,,,False,False,"Not operated by TfL. If you need assistance, please check assisted travel at www.thameslinkrailway.co.uk"
910GBELNGHM,Bellingham,3,910GBELNGHM-Plat02-SB-national-rail,national-rail,,,,,,,,False,False,"Not operated by TfL. If you need assistance, please check assisted travel at www.thameslinkrailway.co.uk"
910GBHILLPK,Bush Hill Park,5,910GBHILLPK-Plat01-SB-london-overground,weaver,,,,,,,,False,True,Use the St Mark's Road entrance for southbound platform. Step-free platform interchange requires a 290m journey via street
910GBHILLPK,Bush Hill Park,5,910GBHILLPK-Plat02-NB-london-overground,weaver,,,,,,,,False,True,Use the Queen Anne's Place entrance for northbound platform. Step-free platform interchange requires a 290m journey via street
910GBICKLEY,Bickley,5,910GBICKLEY-Plat01-NB-national-rail,national-rail,,,,,,,,False,False,
910GBICKLEY,Bickley,5,910GBICKLEY-Plat02-SB-national-rail,national-rail,,,,,,,,False,False,
910GBICKLEY,Bickley,5,910GBICKLEY-Plat03-NB-national-rail,national-rail,,,,,,,,False,False,
910GBICKLEY,Bickley,5,910GBICKLEY-Plat04-SB-national-rail,national-rail,,,,,,,,False,False,
910GBNHAM,Burnham,Outside,910GBNHAM-Plat01-WB-elizabeth|national-rail,elizabeth,Reading,,,,,,,False,True,
910GBNHAM,Burnham,Outside,910GBNHAM-Plat01-WB-elizabeth|national-rail,national-rail,,,,,,,,False,True,
910GBNHAM,Burnham,Outside,910GBNHAM-Plat02-EB-elizabeth|national-rail,elizabeth,Paddington Station,,,,,,,False,True,
910GBNHAM,Burnham,Outside,910GBNHAM-Plat02-EB-elizabeth|national-rail,national-rail,,,,,,,,False,True,
910GBRBYPK,Brondesbury Park,2,910GBRBYPK-Plat01-WB-london-overground,mildmay,,,,,,,,False,False,
910GBRBYPK,Brondesbury Park,2,910GBRBYPK-Plat02-EB-london-overground,mildmay,,,,,,,,False,False,
910GBRBY,Brondesbury,2,910GBRBY-Plat01-WB-london-overground,mildmay,,,,,,,,False,False,
910GBRBY,Brondesbury,2,910GBRBY-Plat02-EB-london-overground,mildmay,,,,,,,,False,False,
910GBRENTX,Brent Cross West Station,3,910GBRENTX-Plat01-SB-national-rail,national-rail,,,,,,,,False,True,
910GBRENTX,Brent Cross West Station,3,910GBRENTX-Plat02-NB-national-rail,national-rail,,,,,,,,False,True,
910GBRENTX,Brent Cross West Station,3,910GBRENTX-Plat03-SB-national-rail,national-rail,,,,,,,,False,True,
910GBRENTX,Brent Cross West Station,3,910GBRENTX-Plat04-NB-national-rail,national-rail,,,,,,,,False,True,
910GBROCKLY,Brockley,2,910GBROCKLY-Plat01-NB-london-overground|national-rail,windrush,Dalston Junction and Highbury & Islington,,,,,,,False,True,Step-free platform interchange requires a 500m journey via street
910GBROCKLY,Brockley,2,910GBROCKLY-Plat01-NB-london-overground|national-rail,national-rail,,,,,,,,False,True,Step-free platform interchange requires a 500m journey via street
910GBROCKLY,Brockley,2,910GBROCKLY-Plat02-SB-london-overground|national-rail,windrush,Crystal Palace and West Croydon,,,,,,,False,True,Step-free platform interchange requires a 500m journey via street
910GBROCKLY,Brockley,2,910GBROCKLY-Plat02-SB-london-overground|national-rail,national-rail,,,,,,,,False,True,Step-free platform interchange requires a 500m journey via street
910GBROMLYS,Bromley South,5,910GBROMLYS-Plat01-NB-national-rail,national-rail,,,,,,,,False,True,"Not operated by TfL. If you need assistance, please check assisted travel at www.thameslinkrailway.co.uk"
910GBROMLYS,Bromley South,5,910GBROMLYS-Plat02-SB-national-rail,national-rail,,,,,,,,False,True,"Not operated by TfL. If you need assistance, please check assisted travel at www.thameslinkrailway.co.uk"
910GBROMLYS,Bromley South,5,910GBROMLYS-Plat03-NB-national-rail,national-rail,,,,,,,,False,True,"Not operated by TfL. If you need assistance, please check assisted travel at www.thameslinkrailway.co.uk"
910GBROMLYS,Bromley South,5,910GBROMLYS-Plat04-SB-national-rail,national-rail,,,,,,,,False,True,"Not operated by TfL. If you need assistance, please check assisted travel at www.thameslinkrailway.co.uk"
910GBRTWOOD,Brentwood,9,910GBRTWOOD-Plat01-WB-elizabeth,elizabeth,Stratford,,,,,,,False,True,
910GBRTWOOD,Brentwood,9,910GBRTWOOD-Plat02-EB-elizabeth,elizabeth,Shenfield,,,,,,,False,True,
910GBRTWOOD,Brentwood,9,910GBRTWOOD-Plat03-WB-elizabeth,elizabeth,Stratford,,,,,,,False,True,
910GBRTWOOD,Brentwood,9,910GBRTWOOD-Plat04-EB-elizabeth,elizabeth,Shenfield,,,,,,,False,True,
910GBRUCGRV,Bruce Grove,3,910GBRUCGRV-Plat01-SB-london-overground,weaver,,,,,,,,False,False,
910GBRUCGRV,Bruce Grove,3,910GBRUCGRV-Plat02-NB-london-overground,weaver,,,,,,,,False,False,
910GBTHNLGR,Bethnal Green,2,910GBTHNLGR-Plat01-WB-london-overground,weaver,,,,,,,,False,False,
910GBTHNLGR,Bethnal Green,2,910GBTHNLGR-Plat02-EB-london-overground,weaver,,,,,,,,False,False,
910GCAMHTH,Cambridge Heath,2,910GCAMHTH-Plat01-SB-london-overground,weaver,,,,,,,,False,False,
910GCAMHTH,Cambridge Heath,2,910GCAMHTH-Plat02-NB-london-overground,weaver,,,,,,,,False,False,
910GCATFORD,Catford,3,910GCATFORD-Plat01-NB-national-rail,national-rail,,,,,,,,False,True,"Not operated by TfL. If you need assistance, please check assisted travel at www.thameslinkrailway.co.uk"
910GCATFORD,Catford,3,910GCATFORD-Plat02-SB-national-rail,national-rail,,,,,,,,False,True,"Not operated by TfL. If you need assistance, please check assisted travel at www.thameslinkrailway.co.uk"
910GCFPK,Crofton Park,3,910GCFPK-Plat01-NB-national-rail,national-rail,,,,,,,,False,True,"Not operated by TfL. If you need assistance, please check assisted travel at www.thameslinkrailway.co.uk"
910GCFPK,Crofton Park,3,910GCFPK-Plat02-SB-national-rail,national-rail,,,,,,,,False,True,"Not operated by TfL. If you need assistance, please check assisted travel at www.thameslinkrailway.co.uk"
910GCHDWLHT,Chadwell Heath,5,910GCHDWLHT-Plat01-WB-elizabeth,elizabeth,Liverpool Street,,,,,,,False,True,
910GCHDWLHT,Chadwell Heath,5,910GCHDWLHT-Plat02-EB-elizabeth,elizabeth,Shenfield,,,,,,,False,True,
910GCHDWLHT,Chadwell Heath,5,910GCHDWLHT-Plat03-WB-elizabeth,elizabeth,Liverpool Street,,,,,,,False,True,
910GCHDWLHT,Chadwell Heath,5,910GCHDWLHT-Plat04-EB-elizabeth,elizabeth,Shenfield,,,,,,,False,True,
910GCHESHNT,Cheshunt,8,910GCHESHNT-Plat01-SB-national-rail,national-rail,,,,,,,,False,True,Step-free platform interchange to/from Platform 1 requires a 70m journey by street
910GCHESHNT,Cheshunt,8,910GCHESHNT-Plat02-NB-national-rail,national-rail,,,,,,,,False,True,Step-free platform interchange to/from Platform 1 requires a 70m journey by street
910GCHESHNT,Cheshunt,8,910GCHESHNT-Plat03-SB-london-overground,weaver,Edmonton Green,,,,,,,False,True,Step-free platform interchange to/from Platform 1 requires a 70m journey by street
910GCHINGFD,Chingford,5,910GCHINGFD-Plat01-SB-london-overground,weaver,Liverpool Street,,,,,,,False,True,
910GCHINGFD,Chingford,5,910GCHINGFD-Plat02-SB-london-overground,weaver,Liverpool Street,,,,,,,False,True,
910GCHINGFD,Chingford,5,910GCHINGFD-Plat03-SB-london-overground,weaver,Liverpool Street,,,,,,,False,True,
910GCLAPTON,Clapton,2|3,910GCLAPTON-Plat01-SB-london-overground,weaver,,,,,,,,False,False,
910GCLAPTON,Clapton,2|3,910GCLAPTON-Plat02-NB-london-overground,weaver,,,,,,,,False,False,
910GCLDNNRB,Caledonian Road & Barnsbury,2,910GCLDNNRB-Plat02-WB-london-overground,mildmay,Richmond and Clapham Junction,,,,,,,False,True,
910GCLDNNRB,Caledonian Road & Barnsbury,2,910GCLDNNRB-Plat03-EB-london-overground,mildmay,Stratford,,,,,,,False,True,
910GCLPHHS,Clapham High Street,2,910GCLPHHS-Plat01-WB-london-overground,windrush,,,,,,,,False,False,
910GCLPHHS,Clapham High Street,2,910GCLPHHS-Plat02-EB-london-overground,windrush,,,,,,,,False,False,
910GCMDNRD,Camden Road,2,910GCMDNRD-Plat01-WB-london-overground,mildmay,Richmond and Clapham Junction,,,,,,,False,True,
910GCMDNRD,Camden Road,2,910GCMDNRD-Plat02-EB-london-overground,mildmay,Stratford,,,,,,,False,True,
910GCNNB,Canonbury,2,910GCNNB-Plat01-NB-london-overground,windrush,Highbury & Islington,0.0,85.0,,0.0,50.0,,True,False,
910GCNNB,Canonbury,2,910GCNNB-Plat02-SB-london-overground,windrush,Crystal Palace and Clapham Junction via Canada Water,0.0,85.0,,0.0,50.0,,True,False,
910GCNNB,Canonbury,2,910GCNNB-Plat03-WB-london-overground,mildmay,Richmond and Clapham Junction via Willesden Junction,,,,,,,False,True,
910GCNNB,Canonbury,2,910GCNNB-Plat04-EB-london-overground,mildmay,Stratford,,,,,,,False,True,
910GCOLSDNS,Coulsdon South,6,910GCOLSDNS-Plat01-NB-national-rail,national-rail,,,,,,,,False,True,"Not operated by TfL. If you need assistance, please check assisted travel at www.thameslinkrailway.co.uk"
910GCOLSDNS,Coulsdon South,6,910GCOLSDNS-Plat02-SB-national-rail,national-rail,,,,,,,,False,True,"Not operated by TfL. If you need assistance, please check assisted travel at www.thameslinkrailway.co.uk"
910GCRKLWD,Cricklewood,3,910GCRKLWD-Plat01-SB-national-rail,national-rail,,,,,,,,False,True,"Not operated by TfL. If you need assistance, please check assisted travel at www.thameslinkrailway.co.uk"
910GCRKLWD,Cricklewood,3,910GCRKLWD-Plat02-NB-national-rail,national-rail,,,,,,,,False,False,"Not operated by TfL. If you need assistance, please check assisted travel at www.thameslinkrailway.co.uk"
910GCRKLWD,Cricklewood,3,910GCRKLWD-Plat03-SB-national-rail,national-rail,,,,,,,,False,False,"Not operated by TfL. If you need assistance, please check assisted travel at www.thameslinkrailway.co.uk"
910GCRKLWD,Cricklewood,3,910GCRKLWD-Plat04-NB-national-rail,national-rail,,,,,,,,False,False,"Not operated by TfL. If you need assistance, please check assisted travel at www.thameslinkrailway.co.uk"
910GCRLN,Charlton,3,910GCRLN-Plat01-WB-national-rail,national-rail,,,,,,,,False,True,"Not operated by TfL. If you need assistance, please check assisted travel at www.thameslinkrailway.co.uk"
910GCRLN,Charlton,3,910GCRLN-Plat02-EB-national-rail,national-rail,,,,,,,,False,True,"Not operated by TfL. If you need assistance, please check assisted travel at www.thameslinkrailway.co.uk"
910GCROUCHH,Crouch Hill,3,910GCROUCHH-Plat01-WB-london-overground,suffragette,,,,,,,,False,False,
910GCROUCHH,Crouch Hill,3,910GCROUCHH-Plat02-EB-london-overground,suffragette,,,,,,,,False,False,
910GCRPNDPK,Carpenders Park,7,910GCRPNDPK-Plat01-SB-london-overground,lioness,Euston,,,,,,,False,True,
910GCRPNDPK,Carpenders Park,7,910GCRPNDPK-Plat02-NB-london-overground,lioness,Watford Junction,,,,,,,False,True,
910GCRSHLTN,Carshalton,5,910GCRSHLTN-Plat01-EB-national-rail,national-rail,,,,,,,,False,True,"Not operated by TfL. If you need assistance, please check assisted travel at www.thameslinkrailway.co.uk"
910GCRSHLTN,Carshalton,5,910GCRSHLTN-Plat02-WB-national-rail,national-rail,,,,,,,,False,True,"Not operated by TfL. If you need assistance, please check assisted travel at www.thameslinkrailway.co.uk"
910GCTMSLNK,City Thameslink,1,910GCTMSLNK-Plat01-NB-national-rail,national-rail,,0.0,85.0,,0.0,50.0,,True,False,"Not operated by TfL. If you need assistance, please check assisted travel at www.thameslinkrailway.co.uk"
910GCTMSLNK,City Thameslink,1,910GCTMSLNK-Plat02-SB-national-rail,national-rail,,0.0,85.0,,0.0,50.0,,True,False,"Not operated by TfL. If you need assistance, please check assisted travel at www.thameslinkrailway.co.uk"
910GDALSKLD,Dalston Kingsland,2,910GDALSKLD-Plat01-WB-london-overground,mildmay,,,,,,,,False,False,
910GDALSKLD,Dalston Kingsland,2,910GDALSKLD-Plat02-EB-london-overground,mildmay,,,,,,,,False,False,
910GDALS,Dalston Junction,2,910GDALS-Plat01-NB-london-overground,windrush,Highbury & Islington,0.0,85.0,,0.0,50.0,,True,False,
910GDALS,Dalston Junction,2,910GDALS-Plat02-SB-london-overground,windrush,"New Cross, Clapham Junction, Crystal Palace and West Croydon",0.0,85.0,,0.0,50.0,,True,False,
910GDALS,Dalston Junction,2,910GDALS-Plat03-SB-london-overground,windrush,"New Cross, Clapham Junction, Crystal Palace and West Croydon",0.0,85.0,,0.0,50.0,,True,False,
910GDALS,Dalston Junction,2,910GDALS-Plat04-SB-london-overground,windrush,"New Cross, Clapham Junction, Crystal Palace and West Croydon",0.0,85.0,,0.0,50.0,,True,False,
910GDARTFD,Dartford,8,910GDARTFD-Plat01-WB-national-rail,national-rail,,,,,,,,False,True,
910GDARTFD,Dartford,8,910GDARTFD-Plat02-WB-national-rail,national-rail,,,,,,,,False,True,
910GDARTFD,Dartford,8,910GDARTFD-Plat03-WB-national-rail,national-rail,,,,,,,,False,True,
910GDARTFD,Dartford,8,910GDARTFD-Plat04-EB-national-rail,national-rail,,,,,,,,False,True,
910GDENMRKH,Denmark Hill,2,910GDENMRKH-Plat01-WB-london-overground|national-rail,windrush,Clapham Junction,,,,,,,False,True,
910GDENMRKH,Denmark Hill,2,910GDENMRKH-Plat01-WB-london-overground|national-rail,national-rail,,,,,,,,False,True,
910GDENMRKH,Denmark Hill,2,910GDENMRKH-Plat02-EB-london-overground|national-rail,windrush,Highbury & Islington,,,,,,,False,True,
910GDENMRKH,Denmark Hill,2,910GDENMRKH-Plat02-EB-london-overground|national-rail,national-rail,,,,,,,,False,True,
910GDENMRKH,Denmark Hill,2,910GDENMRKH-Plat03-WB-national-rail,national-rail,,,,,,,,False,True,
910GDENMRKH,Denmark Hill,2,910GDENMRKH-Plat04-EB-national-rail,national-rail,,,,,,,,False,True,
910GDEPTFD,Deptford,2,910GDEPTFD-Plat01-WB-national-rail,national-rail,,,,,,,,False,True,"Not operated by TfL. If you need assistance, please check assisted travel at www.thameslinkrailway.co.uk"
910GDEPTFD,Deptford,2,910GDEPTFD-Plat02-EB-national-rail,national-rail,,,,,,,,False,True,"Not operated by TfL. If you need assistance, please check assisted travel at www.thameslinkrailway.co.uk"
910GEDMNGRN,Edmonton Green,4,910GEDMNGRN-Plat01-SB-london-overground,weaver,Liverpool Street,,,,,,,False,True,
910GEDMNGRN,Edmonton Green,4,910GEDMNGRN-Plat02-NB-london-overground,weaver,Enfield Town and Cheshunt,,,,,,,False,True,
910GELTR,Elstree & Borehamwood,6,910GELTR-Plat01-SB-national-rail,national-rail,,,,,,,,False,True,"Not operated by TfL. If you need assistance, please check assisted travel at www.thameslinkrailway.co.uk"
910GELTR,Elstree & Borehamwood,6,910GELTR-Plat02-NB-national-rail,national-rail,,,,,,,,False,True,"Not operated by TfL. If you need assistance, please check assisted travel at www.thameslinkrailway.co.uk"
910GELTR,Elstree & Borehamwood,6,910GELTR-Plat03-SB-national-rail,national-rail,,,,,,,,False,True,"Not operated by TfL. If you need assistance, please check assisted travel at www.thameslinkrailway.co.uk"
910GELTR,Elstree & Borehamwood,6,910GELTR-Plat04-NB-national-rail,national-rail,,,,,,,,False,True,"Not operated by TfL. If you need assistance, please check assisted travel at www.thameslinkrailway.co.uk"
910GEMRSPKH,Emerson Park,6,910GEMRSPKH-Plat01-EB-london-overground,liberty,Upminster,,,,,,,False,True,
910GEMRSPKH,Emerson Park,6,910GEMRSPKH-Plat01-WB-london-overground,liberty,Romford,,,,,,,False,True,
910GENFLDTN,Enfield Town,5,910GENFLDTN-Plat02-SB-london-overground,weaver,Liverpool Street,,,,,,,False,True,
910GESTFLDS,Mitcham Eastfields,3,910GESTFLDS-Plat01-NB-national-rail,national-rail,,,,,,,,False,True,"Not operated by TfL. If you need assistance, please check assisted travel at www.thameslinkrailway.co.uk"
910GESTFLDS,Mitcham Eastfields,3,910GESTFLDS-Plat02-SB-national-rail,national-rail,,,,,,,,False,True,"Not operated by TfL. If you need assistance, please check assisted travel at www.thameslinkrailway.co.uk"
910GFNCHLYR,Finchley Road & Frognal,2,910GFNCHLYR-Plat01-WB-london-overground,mildmay,,,,,,,,False,False,
910GFNCHLYR,Finchley Road & Frognal,2,910GFNCHLYR-Plat02-EB-london-overground,mildmay,,,,,,,,False,False,
910GFORESTH,Forest Hill,3,910GFORESTH-Plat01-NB-london-overground|national-rail,windrush,Highbury & Islington,,,,,,,False,True,Use the Devonshire Road entrance for step-free access
910GFORESTH,Forest Hill,3,910GFORESTH-Plat01-NB-london-overground|national-rail,national-rail,,,,,,,,False,True,Use the Devonshire Road entrance for step-free access
910GFORESTH,Forest Hill,3,910GFORESTH-Plat02-SB-london-overground|national-rail,windrush,Crystal Palace and West Croydon,,,,,,,False,True,Use the Devonshire Road entrance for step-free access
910GFORESTH,Forest Hill,3,910GFORESTH-Plat02-SB-london-overground|national-rail,national-rail,,,,,,,,False,True,Use the Devonshire Road entrance for step-free access
910GFRSTGT,Forest Gate,3,910GFRSTGT-Plat01-WB-elizabeth,elizabeth,Liverpool Street,,,,,,,False,True,
910GFRSTGT,Forest Gate,3,910GFRSTGT-Plat02-EB-elizabeth,elizabeth,Shenfield,,,,,,,False,True,
910GFRSTGT,Forest Gate,3,910GFRSTGT-Plat03-WB-elizabeth,elizabeth,Liverpool Street,,,,,,,False,True,
910GFRSTGT,Forest Gate,3,910GFRSTGT-Plat04-EB-elizabeth,elizabeth,Shenfield,,,,,,,False,True,
910GGIDEAPK,Gidea Park,6,910GGIDEAPK-Plat01-WB-elizabeth,elizabeth,Liverpool Street,,,,,,,False,True,Use the Crossways entrance for step-free access
910GGIDEAPK,Gidea Park,6,910GGIDEAPK-Plat02-EB-elizabeth,elizabeth,Shenfield,,,,,,,False,True,Use the Crossways entrance for step-free access
910GGIDEAPK,Gidea Park,6,910GGIDEAPK-Plat03-WB-elizabeth,elizabeth,Liverpool Street,,,,,,,False,True,Use the Crossways entrance for step-free access
910GGIDEAPK,Gidea Park,6,910GGIDEAPK-Plat04-EB-elizabeth,elizabeth,Shenfield,,,,,,,False,True,Use the Crossways entrance for step-free access
910GGODMAYS,Goodmayes,4,910GGODMAYS-Plat01-WB-elizabeth,elizabeth,Liverpool Street,,,,,,,False,True,
910GGODMAYS,Goodmayes,4,910GGODMAYS-Plat02-EB-elizabeth,elizabeth,Shenfield,,,,,,,False,True,
910GGODMAYS,Goodmayes,4,910GGODMAYS-Plat03-WB-elizabeth,elizabeth,Liverpool Street,,,,,,,False,True,
910GGODMAYS,Goodmayes,4,910GGODMAYS-Plat04-EB-elizabeth,elizabeth,Shenfield,,,,,,,False,True,
910GGOSPLOK,Gospel Oak,2,910GGOSPLOK-Plat01-WB-london-overground,mildmay,Richmond and Clapham Junction,,,,,,,False,True,
910GGOSPLOK,Gospel Oak,2,910GGOSPLOK-Plat02-EB-london-overground,mildmay,Stratford,,,,,,,False,True,
910GGOSPLOK,Gospel Oak,2,910GGOSPLOK-Plat03-EB-london-overground,suffragette,Barking,,,,,,,False,True,
910GHACKNYC,Hackney Central,2,910GHACKNYC-Plat01-WB-london-overground,mildmay,Richmond and Clapham Junction,,,,,,,False,True,
910GHACKNYC,Hackney Central,2,910GHACKNYC-Plat02-EB-london-overground,mildmay,Stratford,,,,,,,False,True,
910GHACKNYW,Hackney Wick,2,910GHACKNYW-Plat01-WB-london-overground,mildmay,Richmond and Clapham Junction,,,,,,,False,True,
910GHACKNYW,Hackney Wick,2,910GHACKNYW-Plat02-EB-london-overground,mildmay,Stratford,,,,,,,False,True,
910GHAGGERS,Haggerston,2,910GHAGGERS-Plat01-NB-london-overground,windrush,Highbury & Islington,0.0,85.0,,0.0,50.0,,True,False,
910GHAGGERS,Haggerston,2,910GHAGGERS-Plat02-SB-london-overground,windrush,"New Cross, Clapham Junction, Crystal Palace and West Croydon",0.0,85.0,,0.0,50.0,,True,False,
910GHAKNYNM,Hackney Downs,2,910GHAKNYNM-Plat01-SB-london-overground|national-rail,weaver,,,,,,,,False,True,"Step-free access to/from platform 1 is via Hackney Central entrance, interchange footpath and lift"
910GHAKNYNM,Hackney Downs,2,910GHAKNYNM-Plat01-SB-london-overground|national-rail,national-rail,,,,,,,,False,True,"Step-free access to/from platform 1 is via Hackney Central entrance, interchange footpath and lift"
910GHAKNYNM,Hackney Downs,2,910GHAKNYNM-Plat02-NB-london-overground|national-rail,weaver,,,,,,,,False,False,
910GHAKNYNM,Hackney Downs,2,910GHAKNYNM-Plat02-NB-london-overground|national-rail,national-rail,,,,,,,,False,False,
910GHAKNYNM,Hackney Downs,2,910GHAKNYNM-Plat03-SB-london-overground|national-rail,weaver,,,,,,,,False,False,
910GHAKNYNM,Hackney Downs,2,910GHAKNYNM-Plat03-SB-london-overground|national-rail,national-rail,,,,,,,,False,False,
910GHAKNYNM,Hackney Downs,2,910GHAKNYNM-Plat04-NB-london-overground|national-rail,weaver,,,,,,,,False,False,
910GHAKNYNM,Hackney Downs,2,910GHAKNYNM-Plat04-NB-london-overground|national-rail,national-rail,,,,,,,,False,False,
910GHANWELL,Hanwell,4,910GHANWELL-Plat02-WB-elizabeth,elizabeth,Hayes & Harlington,,,,,,,False,True,
910GHANWELL,Hanwell,4,910GHANWELL-Plat03-EB-elizabeth,elizabeth,Paddington Station,,,,,,,False,True,
910GHAYESAH,Hayes & Harlington,5,910GHAYESAH-Plat01-WB-elizabeth|national-rail,elizabeth,,,,,,,,False,True,
910GHAYESAH,Hayes & Harlington,5,910GHAYESAH-Plat01-WB-elizabeth|national-rail,national-rail,,,,,,,,False,True,
910GHAYESAH,Hayes & Harlington,5,910GHAYESAH-Plat02-EB-elizabeth|national-rail,elizabeth,,,,,,,,False,True,
910GHAYESAH,Hayes & Harlington,5,910GHAYESAH-Plat02-EB-elizabeth|national-rail,national-rail,,,,,,,,False,True,
910GHAYESAH,Hayes & Harlington,5,910GHAYESAH-Plat03-WB-elizabeth|national-rail,elizabeth,,,,,,,,False,True,
910GHAYESAH,Hayes & Harlington,5,910GHAYESAH-Plat03-WB-elizabeth|national-rail,national-rail,,,,,,,,False,True,
910GHAYESAH,Hayes & Harlington,5,910GHAYESAH-Plat04-EB-elizabeth|national-rail,elizabeth,,,,,,,,False,True,
910GHAYESAH,Hayes & Harlington,5,910GHAYESAH-Plat04-EB-elizabeth|national-rail,national-rail,,,,,,,,False,True,
910GHAYESAH,Hayes & Harlington,5,910GHAYESAH-Plat05-EB-elizabeth,elizabeth,,,,,,,,False,True,
910GHDON,Hendon,3|4,910GHDON-Plat01-SB-national-rail,national-rail,,,,,,,,False,True,"Not operated by TfL. If you need assistance, please check assisted travel at www.thameslinkrailway.co.uk"
910GHDON,Hendon,3|4,910GHDON-Plat02-NB-national-rail,national-rail,,,,,,,,False,False,"Not operated by TfL. If you need assistance, please check assisted travel at www.thameslinkrailway.co.uk"
910GHDON,Hendon,3|4,910GHDON-Plat03-SB-national-rail,national-rail,,,,,,,,False,False,"Not operated by TfL. If you need assistance, please check assisted travel at www.thameslinkrailway.co.uk"
910GHDON,Hendon,3|4,910GHDON-Plat04-NB-national-rail,national-rail,,,,,,,,False,False,"Not operated by TfL. If you need assistance, please check assisted travel at www.thameslinkrailway.co.uk"
910GHEDSTNL,Headstone Lane,5,910GHEDSTNL-Plat01-SB-london-overground,lioness,,,,,,,,False,False,
910GHEDSTNL,Headstone Lane,5,910GHEDSTNL-Plat02-NB-london-overground,lioness,Watford Junction,,,,,,,False,True,
910GHERNEH,Herne Hill,2|3,910GHERNEH-Plat01-NB-national-rail,national-rail,,,,,,,,False,True,
910GHERNEH,Herne Hill,2|3,910GHERNEH-Plat02-NB-national-rail,national-rail,,,,,,,,False,True,
910GHERNEH,Herne Hill,2|3,910GHERNEH-Plat03-SB-national-rail,national-rail,,,,,,,,False,True,
910GHERNEH,Herne Hill,2|3,910GHERNEH-Plat04-SB-national-rail,national-rail,,,,,,,,False,True,
910GHGHMSPK,Highams Park,4,910GHGHMSPK-Plat01-SB-london-overground,weaver,Liverpool Street,,,,,,,False,True,Use the Wilton Place entrance for northbound platform. Step-free platform interchange requires a 350m journey via street
910GHGHMSPK,Highams Park,4,910GHGHMSPK-Plat02-NB-london-overground,weaver,Chingford,,,,,,,False,True,Use the Station Approach entrance for southbound platform. Step-free platform interchange requires a 350m journey via street
910GHKBG,Hackbridge,4,910GHKBG-Plat01-EB-national-rail,national-rail,,,,,,,,False,True,"Not operated by TfL. If you need assistance, please check assisted travel at www.thameslinkrailway.co.uk"
910GHKBG,Hackbridge,4,910GHKBG-Plat02-WB-national-rail,national-rail,,,,,,,,False,True,"Not operated by TfL. If you need assistance, please check assisted travel at www.thameslinkrailway.co.uk"
910GHMPSTDH,Hampstead Heath,2,910GHMPSTDH-Plat01-WB-london-overground,mildmay,Richmond and Clapham Junction,,,,,,,False,True,
910GHMPSTDH,Hampstead Heath,2,910GHMPSTDH-Plat02-EB-london-overground,mildmay,Gospel Oak,,,,,,,False,True,
910GHOMRTON,Homerton,2,910GHOMRTON-Plat01-WB-london-overground,mildmay,Richmond and Clapham Junction,,,,,,,False,True,
910GHOMRTON,Homerton,2,910GHOMRTON-Plat02-EB-london-overground,mildmay,Stratford,,,,,,,False,True,
910GHONROPK,Honor Oak Park,3,910GHONROPK-Plat01-NB-london-overground|national-rail,windrush,Highbury & Islington,,,,,,,False,True,
910GHONROPK,Honor Oak Park,3,910GHONROPK-Plat01-NB-london-overground|national-rail,national-rail,,,,,,,,False,True,
910GHONROPK,Honor Oak Park,3,910GHONROPK-Plat02-SB-london-overground|national-rail,windrush,Crystal Palace and West Croydon,,,,,,,False,True,
910GHONROPK,Honor Oak Park,3,910GHONROPK-Plat02-SB-london-overground|national-rail,national-rail,,,,,,,,False,True,
910GHOXTON,Hoxton,1|2,910GHOXTON-Plat01-NB-london-overground,windrush,Highbury & Islington,0.0,85.0,,0.0,50.0,,True,False,
910GHOXTON,Hoxton,1|2,910GHOXTON-Plat02-SB-london-overground,windrush,"New Cross, Clapham Junction, Crystal Palace and West Croydon",0.0,85.0,,0.0,50.0,,True,False,
910GHRGYGL,Harringay Green Lanes,3,910GHRGYGL-Plat01-WB-london-overground,suffragette,Gospel Oak,,,,,,,False,True,
910GHRGYGL,Harringay Green Lanes,3,910GHRGYGL-Plat02-EB-london-overground,suffragette,Barking,,,,,,,False,True,
910GHRLDWOD,Harold Wood,6,910GHRLDWOD-Plat01-WB-elizabeth,elizabeth,Liverpool Street,,,,,,,False,True,
910GHRLDWOD,Harold Wood,6,910GHRLDWOD-Plat02-EB-elizabeth,elizabeth,Shenfield,,,,,,,False,True,
910GHRLDWOD,Harold Wood,6,910GHRLDWOD-Plat03-WB-elizabeth,elizabeth,Liverpool Street,,,,,,,False,True,
910GHRLDWOD,Harold Wood,6,910GHRLDWOD-Plat04-EB-elizabeth,elizabeth,Shenfield,,,,,,,False,True,
910GHTCHEND,Hatch End,6,910GHTCHEND-Plat01-SB-london-overground,lioness,,,,,,,,False,False,
910GHTCHEND,Hatch End,6,910GHTCHEND-Plat02-NB-london-overground,lioness,Watford Junction,,,,,,,False,True,
910GHYDNSRD,Haydons Road,3,910GHYDNSRD-Plat01-NB-national-rail,national-rail,,,,,,,,False,True,"Not operated by TfL. If you need assistance, please check assisted travel at www.thameslinkrailway.co.uk"
910GHYDNSRD,Haydons Road,3,910GHYDNSRD-Plat02-SB-national-rail,national-rail,,,,,,,,False,False,"Not operated by TfL. If you need assistance, please check assisted travel at www.thameslinkrailway.co.uk"
910GILFORD,Ilford,4,910GILFORD-Plat01-WB-elizabeth,elizabeth,,,,,,,,False,True,
910GILFORD,Ilford,4,910GILFORD-Plat02-EB-elizabeth,elizabeth,,,,,,,,False,True,
910GILFORD,Ilford,4,910GILFORD-Plat03-WB-elizabeth,elizabeth,,,,,,,,False,True,
910GILFORD,Ilford,4,910GILFORD-Plat04-EB-elizabeth,elizabeth,,,,,,,,False,True,
910GIVER,Iver,Outside,910GIVER-Plat01-WB-elizabeth|national-rail,elizabeth,Reading,,,,,,,False,True,
910GIVER,Iver,Outside,910GIVER-Plat01-WB-elizabeth|national-rail,national-rail,,,,,,,,False,True,
910GIVER,Iver,Outside,910GIVER-Plat02-EB-elizabeth|national-rail,elizabeth,Paddington Station,,,,,,,False,True,
910GIVER,Iver,Outside,910GIVER-Plat02-EB-elizabeth|national-rail,national-rail,,,,,,,,False,True,
910GIVER,Iver,Outside,910GIVER-Plat03-WB-elizabeth|national-rail,elizabeth,Reading,,,,,,,False,True,
910GIVER,Iver,Outside,910GIVER-Plat03-WB-elizabeth|national-rail,national-rail,,,,,,,,False,True,
910GIVER,Iver,Outside,910GIVER-Plat04-EB-elizabeth|national-rail,elizabeth,Paddington Station,,,,,,,False,True,
910GIVER,Iver,Outside,910GIVER-Plat04-EB-elizabeth|national-rail,national-rail,,,,,,,,False,True,
910GKENR,Kensal Rise,2,910GKENR-Plat01-WB-london-overground,mildmay,Richmond and Clapham Junction,,,,,,,False,True,Use the Chamberlayne Road entrance for eastbound platform. Step-free platform interchange requires a 200m journey via street
910GKENR,Kensal Rise,2,910GKENR-Plat02-EB-london-overground,mildmay,Stratford,,,,,,,False,True,Use the Station Terrace entrance for westbound platform. Step-free platform interchange requires a 200m journey via street
910GKLBRNHR,Kilburn High Road,2,910GKLBRNHR-Plat01-SB-london-overground,lioness,,,,,,,,False,False,
910GKLBRNHR,Kilburn High Road,2,910GKLBRNHR-Plat02-NB-london-overground,lioness,,,,,,,,False,False,
910GKNTSHTW,Kentish Town West,2,910GKNTSHTW-Plat01-WB-london-overground,mildmay,,,,,,,,False,False,
910GKNTSHTW,Kentish Town West,2,910GKNTSHTW-Plat02-EB-london-overground,mildmay,,,,,,,,False,False,
910GLANGLEY,Langley,Outside,910GLANGLEY-Plat01-WB-elizabeth|national-rail,elizabeth,Reading,,,,,,,False,True,
910GLANGLEY,Langley,Outside,910GLANGLEY-Plat01-WB-elizabeth|national-rail,national-rail,,,,,,,,False,True,
910GLANGLEY,Langley,Outside,910GLANGLEY-Plat02-EB-elizabeth|national-rail,elizabeth,Paddington Station,,,,,,,False,True,
910GLANGLEY,Langley,Outside,910GLANGLEY-Plat02-EB-elizabeth|national-rail,national-rail,,,,,,,,False,True,
910GLANGLEY,Langley,Outside,910GLANGLEY-Plat03-WB-elizabeth|national-rail,elizabeth,Reading,,,,,,,False,True,
910GLANGLEY,Langley,Outside,910GLANGLEY-Plat03-WB-elizabeth|national-rail,national-rail,,,,,,,,False,True,
910GLANGLEY,Langley,Outside,910GLANGLEY-Plat04-EB-elizabeth|national-rail,elizabeth,Paddington Station,,,,,,,False,True,
910GLANGLEY,Langley,Outside,910GLANGLEY-Plat04-EB-elizabeth|national-rail,national-rail,,,,,,,,False,True,
910GLBGHJN,Loughborough Junction,2,910GLBGHJN-Plat01-NB-national-rail,national-rail,,,,,,,,False,False,"Not operated by TfL. If you need assistance, please check assisted travel at www.thameslinkrailway.co.uk"
910GLBGHJN,Loughborough Junction,2,910GLBGHJN-Plat02-SB-national-rail,national-rail,,,,,,,,False,False,"Not operated by TfL. If you need assistance, please check assisted travel at www.thameslinkrailway.co.uk"
910GLEYTNMR,Leyton Midland Road,3,910GLEYTNMR-Plat01-WB-london-overground,suffragette,,,,,,,,False,False,
910GLEYTNMR,Leyton Midland Road,3,910GLEYTNMR-Plat02-EB-london-overground,suffragette,,,,,,,,False,False,
910GLONFLDS,London Fields,2,910GLONFLDS-Plat01-SB-london-overground,weaver,,,,,,,,False,False,
910GLONFLDS,London Fields,2,910GLONFLDS-Plat02-NB-london-overground,weaver,,,,,,,,False,False,
910GLYTNSHR,Leytonstone High Road,3,910GLYTNSHR-Plat01-WB-london-overground,suffragette,,,,,,,,False,False,
910GLYTNSHR,Leytonstone High Road,3,910GLYTNSHR-Plat02-EB-london-overground,suffragette,,,,,,,,False,False,
910GMANRPK,Manor Park,3|4,910GMANRPK-Plat01-WB-elizabeth,elizabeth,Liverpool Street,,,,,,,False,True,
910GMANRPK,Manor Park,3|4,910GMANRPK-Plat02-EB-elizabeth,elizabeth,Shenfield,,,,,,,False,True,
910GMANRPK,Manor Park,3|4,910GMANRPK-Plat03-WB-elizabeth,elizabeth,Liverpool Street,,,,,,,False,True,
910GMANRPK,Manor Park,3|4,910GMANRPK-Plat04-EB-elizabeth,elizabeth,Shenfield,,,,,,,False,True,
910GMAZEH,Maze Hill,3,910GMAZEH-Plat01-WB-national-rail,national-rail,,,,,,,,False,True,"Not operated by TfL. If you need assistance, please check assisted travel at www.thameslinkrailway.co.uk"
910GMAZEH,Maze Hill,3,910GMAZEH-Plat02-EB-national-rail,national-rail,,,,,,,,False,True,"Not operated by TfL. If you need assistance, please check assisted travel at www.thameslinkrailway.co.uk"
910GMDNHEAD,Maidenhead,Outside,910GMDNHEAD-Plat01-WB-elizabeth|national-rail,elizabeth,Reading,,,,,,,False,True,
910GMDNHEAD,Maidenhead,Outside,910GMDNHEAD-Plat01-WB-elizabeth|national-rail,national-rail,,,,,,,,False,True,
910GMDNHEAD,Maidenhead,Outside,910GMDNHEAD-Plat02-EB-elizabeth|national-rail,elizabeth,Paddington Station,,,,,,,False,True,
910GMDNHEAD,Maidenhead,Outside,910GMDNHEAD-Plat02-EB-elizabeth|national-rail,national-rail,,,,,,,,False,True,
910GMDNHEAD,Maidenhead,Outside,910GMDNHEAD-Plat03-WB-elizabeth|national-rail,elizabeth,Reading,,,,,,,False,True,
910GMDNHEAD,Maidenhead,Outside,910GMDNHEAD-Plat03-WB-elizabeth|national-rail,national-rail,,,,,,,,False,True,
910GMDNHEAD,Maidenhead,Outside,910GMDNHEAD-Plat04-EB-elizabeth|national-rail,elizabeth,Paddington Station,,,,,,,False,True,
910GMDNHEAD,Maidenhead,Outside,910GMDNHEAD-Plat04-EB-elizabeth|national-rail,national-rail,,,,,,,,False,True,
910GMDNHEAD,Maidenhead,Outside,910GMDNHEAD-Plat05-EB-elizabeth|national-rail,elizabeth,Paddington Station,,,,,,,False,True,
910GMDNHEAD,Maidenhead,Outside,910GMDNHEAD-Plat05-EB-elizabeth|national-rail,national-rail,,,,,,,,False,True,
910GMLHB,Mill Hill Broadway,4,910GMLHB-Plat01-SB-national-rail,national-rail,,,,,,,,False,False,"Not operated by TfL. If you need assistance, please check assisted travel at www.thameslinkrailway.co.uk"
910GMLHB,Mill Hill Broadway,4,910GMLHB-Plat02-NB-national-rail,national-rail,,,,,,,,False,False,"Not operated by TfL. If you need assistance, please check assisted travel at www.thameslinkrailway.co.uk"
910GMLHB,Mill Hill Broadway,4,910GMLHB-Plat03-SB-national-rail,national-rail,,,,,,,,False,False,"Not operated by TfL. If you need assistance, please check assisted travel at www.thameslinkrailway.co.uk"
910GMLHB,Mill Hill Broadway,4,910GMLHB-Plat04-NB-national-rail,national-rail,,,,,,,,False,False,"Not operated by TfL. If you need assistance, please check assisted travel at www.thameslinkrailway.co.uk"
910GMORDENS,Morden South,4,910GMORDENS-Plat01-NB-national-rail,national-rail,,,,,,,,False,False,"Not operated by TfL. If you need assistance, please check assisted travel at www.thameslinkrailway.co.uk"
910GMORDENS,Morden South,4,910GMORDENS-Plat02-SB-national-rail,national-rail,,,,,,,,False,False,"Not operated by TfL. If you need assistance, please check assisted travel at www.thameslinkrailway.co.uk"
910GMRYLAND,Maryland,3,910GMRYLAND-Plat01-WB-elizabeth,elizabeth,Liverpool Street,,,,,,,False,True,
910GMRYLAND,Maryland,3,910GMRYLAND-Plat02-EB-elizabeth,elizabeth,Shenfield,,,,,,,False,True,
910GMRYLAND,Maryland,3,910GMRYLAND-Plat03-WB-elizabeth,elizabeth,,,,,,,,False,True,
910GMRYLAND,Maryland,3,910GMRYLAND-Plat04-EB-elizabeth,elizabeth,,,,,,,,False,True,
910GNBARNET,New Barnet,5,910GNBARNET-Plat01-SB-national-rail,national-rail,,,,,,,,False,False,"Not operated by TfL. If you need assistance, please check assisted travel at www.thameslinkrailway.co.uk"
910GNBARNET,New Barnet,5,910GNBARNET-Plat02-SB-national-rail,national-rail,,,,,,,,False,False,"Not operated by TfL. If you need assistance, please check assisted travel at www.thameslinkrailway.co.uk"
910GNBARNET,New Barnet,5,910GNBARNET-Plat03-NB-national-rail,national-rail,,,,,,,,False,False,"Not operated by TfL. If you need assistance, please check assisted travel at www.thameslinkrailway.co.uk"
910GNBARNET,New Barnet,5,910GNBARNET-Plat04-NB-national-rail,national-rail,,,,,,,,False,False,"Not operated by TfL. If you need assistance, please check assisted travel at www.thameslinkrailway.co.uk"
910GNEWSGAT,New Southgate,4,910GNEWSGAT-Plat01-SB-national-rail,national-rail,,,,,,,,False,False,"Not operated by TfL. If you need assistance, please check assisted travel at www.thameslinkrailway.co.uk"
910GNEWSGAT,New Southgate,4,910GNEWSGAT-Plat02-SB-national-rail,national-rail,,,,,,,,False,False,"Not operated by TfL. If you need assistance, please check assisted travel at www.thameslinkrailway.co.uk"
910GNEWSGAT,New Southgate,4,910GNEWSGAT-Plat03-NB-national-rail,national-rail,,,,,,,,False,False,"Not operated by TfL. If you need assistance, please check assisted travel at www.thameslinkrailway.co.uk"
910GNEWSGAT,New Southgate,4,910GNEWSGAT-Plat04-NB-national-rail,national-rail,,,,,,,,False,False,"Not operated by TfL. If you need assistance, please check assisted travel at www.thameslinkrailway.co.uk"
910GNUNHEAD,Nunhead,2,910GNUNHEAD-Plat01-WB-national-rail,national-rail,,,,,,,,False,False,"Not operated by TfL. If you need assistance, please check assisted travel at www.thameslinkrailway.co.uk"
910GNUNHEAD,Nunhead,2,910GNUNHEAD-Plat02-EB-national-rail,national-rail,,,,,,,,False,False,"Not operated by TfL. If you need assistance, please check assisted travel at www.thameslinkrailway.co.uk"
910GOKLGHPK,Oakleigh Park,4,910GOKLGHPK-Plat01-SB-national-rail,national-rail,,,,,,,,False,False,"Not operated by TfL. If you need assistance, please check assisted travel at www.thameslinkrailway.co.uk"
910GOKLGHPK,Oakleigh Park,4,910GOKLGHPK-Plat02-SB-national-rail,national-rail,,,,,,,,False,False,"Not operated by TfL. If you need assistance, please check assisted travel at www.thameslinkrailway.co.uk"
910GOKLGHPK,Oakleigh Park,4,910GOKLGHPK-Plat03-NB-national-rail,national-rail,,,,,,,,False,False,"Not operated by TfL. If you need assistance, please check assisted travel at www.thameslinkrailway.co.uk"
910GOKLGHPK,Oakleigh Park,4,910GOKLGHPK-Plat04-NB-national-rail,national-rail,,,,,,,,False,False,"Not operated by TfL. If you need assistance, please check assisted travel at www.thameslinkrailway.co.uk"
910GORPNGTN,Orpington,6,910GORPNGTN-Plat01-NB-national-rail,national-rail,,,,,,,,False,False,
910GORPNGTN,Orpington,6,910GORPNGTN-Plat02-NB-national-rail,national-rail,,,,,,,,False,False,
910GORPNGTN,Orpington,6,910GORPNGTN-Plat03-SB-national-rail,national-rail,,,,,,,,False,False,
910GORPNGTN,Orpington,6,910GORPNGTN-Plat04-NB-national-rail,national-rail,,,,,,,,False,False,
910GORPNGTN,Orpington,6,910GORPNGTN-Plat05-SB-national-rail,national-rail,,,,,,,,False,False,
910GORPNGTN,Orpington,6,910GORPNGTN-Plat06-NB-national-rail,national-rail,,,,,,,,False,True,
910GORPNGTN,Orpington,6,910GORPNGTN-Plat07-NB-national-rail,national-rail,,,,,,,,False,False,
910GORPNGTN,Orpington,6,910GORPNGTN-Plat08-NB-national-rail,national-rail,,,,,,,,False,False,
910GPCKHMQD,Queens Road Peckham,2,910GPCKHMQD-Plat01-NB-london-overground|national-rail,windrush,Dalston Junction,,,,,,,False,True,
910GPCKHMQD,Queens Road Peckham,2,910GPCKHMQD-Plat01-NB-london-overground|national-rail,national-rail,,,,,,,,False,True,
910GPCKHMQD,Queens Road Peckham,2,910GPCKHMQD-Plat02-SB-london-overground|national-rail,windrush,Clapham Junction,,,,,,,False,True,
910GPCKHMQD,Queens Road Peckham,2,910GPCKHMQD-Plat02-SB-london-overground|national-rail,national-rail,,,,,,,,False,True,
910GPCKHMRY,Peckham Rye,2,910GPCKHMRY-Plat01-WB-london-overground|national-rail,windrush,,,,,,,,False,False,
910GPCKHMRY,Peckham Rye,2,910GPCKHMRY-Plat01-WB-london-overground|national-rail,national-rail,,,,,,,,False,False,
910GPCKHMRY,Peckham Rye,2,910GPCKHMRY-Plat02-EB-london-overground|national-rail,windrush,,,,,,,,False,False,
910GPCKHMRY,Peckham Rye,2,910GPCKHMRY-Plat02-EB-london-overground|national-rail,national-rail,,,,,,,,False,False,
910GPCKHMRY,Peckham Rye,2,910GPCKHMRY-Plat03-NB-national-rail,national-rail,,,,,,,,False,False,"Not operated by TfL. If you need assistance, please check assisted travel at www.thameslinkrailway.co.uk"
910GPCKHMRY,Peckham Rye,2,910GPCKHMRY-Plat04-SB-national-rail,national-rail,,,,,,,,False,False,"Not operated by TfL. If you need assistance, please check assisted travel at www.thameslinkrailway.co.uk"
910GPENEW,Penge West,4,910GPENEW-Plat01-NB-london-overground|national-rail,windrush,Highbury & Islington,,,,,,,False,True,
910GPENEW,Penge West,4,910GPENEW-Plat01-NB-london-overground|national-rail,national-rail,,,,,,,,False,True,
910GPENEW,Penge West,4,910GPENEW-Plat02-SB-london-overground|national-rail,windrush,,,,,,,,False,False,
910GPENEW,Penge West,4,910GPENEW-Plat02-SB-london-overground|national-rail,national-rail,,,,,,,,False,False,
910GPETSWD,Petts Wood,5,910GPETSWD-Plat01-NB-national-rail,national-rail,,,,,,,,False,True,"Not operated by TfL. If you need assistance, please check assisted travel at www.thameslinkrailway.co.uk"
910GPETSWD,Petts Wood,5,910GPETSWD-Plat02-SB-national-rail,national-rail,,,,,,,,False,True,"Not operated by TfL. If you need assistance, please check assisted travel at www.thameslinkrailway.co.uk"
910GPETSWD,Petts Wood,5,910GPETSWD-Plat03-NB-national-rail,national-rail,,,,,,,,False,True,"Not operated by TfL. If you need assistance, please check assisted travel at www.thameslinkrailway.co.uk"
910GPETSWD,Petts Wood,5,910GPETSWD-Plat04-SB-national-rail,national-rail,,,,,,,,False,True,"Not operated by TfL. If you need assistance, please check assisted travel at www.thameslinkrailway.co.uk"
910GPLMS,Plumstead,4,910GPLMS-Plat01-WB-national-rail,national-rail,,,,,,,,False,True,"Not operated by TfL. If you need assistance, please check assisted travel at www.thameslinkrailway.co.uk"
910GPLMS,Plumstead,4,910GPLMS-Plat02-EB-national-rail,national-rail,,,,,,,,False,True,"Not operated by TfL. If you need assistance, please check assisted travel at www.thameslinkrailway.co.uk"
910GPURLEY,Purley,6,910GPURLEY-Plat01-NB-national-rail,national-rail,,,,,,,,False,True,"Not operated by TfL. If you need assistance, please check assisted travel at www.thameslinkrailway.co.uk"
910GPURLEY,Purley,6,910GPURLEY-Plat02-SB-national-rail,national-rail,,,,,,,,False,True,"Not operated by TfL. If you need assistance, please check assisted travel at www.thameslinkrailway.co.uk"
910GPURLEY,Purley,6,910GPURLEY-Plat03-NB-national-rail,national-rail,,,,,,,,False,True,"Not operated by TfL. If you need assistance, please check assisted travel at www.thameslinkrailway.co.uk"
910GPURLEY,Purley,6,910GPURLEY-Plat04-SB-national-rail,national-rail,,,,,,,,False,True,"Not operated by TfL. If you need assistance, please check assisted travel at www.thameslinkrailway.co.uk"
910GPURLEY,Purley,6,910GPURLEY-Plat05-NB-national-rail,national-rail,,,,,,,,False,True,"Not operated by TfL. If you need assistance, please check assisted travel at www.thameslinkrailway.co.uk"
910GPURLEY,Purley,6,910GPURLEY-Plat06-SB-national-rail,national-rail,,,,,,,,False,True,"Not operated by TfL. If you need assistance, please check assisted travel at www.thameslinkrailway.co.uk"
910GRBRN,Ravensbourne,4,910GRBRN-Plat01-NB-national-rail,national-rail,,,,,,,,False,False,"Not operated by TfL. If you need assistance, please check assisted travel at www.thameslinkrailway.co.uk"
910GRBRN,Ravensbourne,4,910GRBRN-Plat02-SB-national-rail,national-rail,,,,,,,,False,True,"Not operated by TfL. If you need assistance, please check assisted travel at www.thameslinkrailway.co.uk"
910GRCTRYRD,Rectory Road,2,910GRCTRYRD-Plat01-SB-london-overground,weaver,,,,,,,,False,False,
910GRCTRYRD,Rectory Road,2,910GRCTRYRD-Plat02-NB-london-overground,weaver,,,,,,,,False,False,
910GRDNGSTN,Reading,Outside,910GRDNGSTN-Plat14-EB-elizabeth|national-rail,elizabeth,Ealing Broadway,,,,,,,False,True,
910GRDNGSTN,Reading,Outside,910GRDNGSTN-Plat14-EB-elizabeth|national-rail,national-rail,,,,,,,,False,True,
910GROMFORD,Romford,6,910GROMFORD-Plat01-EB-london-overground,liberty,Upminster,,,,,,,False,True,
910GROMFORD,Romford,6,910GROMFORD-Plat02-WB-elizabeth|national-rail,elizabeth,,,,,,,,False,True,
910GROMFORD,Romford,6,910GROMFORD-Plat02-WB-elizabeth|national-rail,national-rail,,,,,,,,False,True,
910GROMFORD,Romford,6,910GROMFORD-Plat03-EB-elizabeth|national-rail,elizabeth,,,,,,,,False,True,
910GROMFORD,Romford,6,910GROMFORD-Plat03-EB-elizabeth|national-rail,national-rail,,,,,,,,False,True,
910GROMFORD,Romford,6,910GROMFORD-Plat04-WB-elizabeth|national-rail,elizabeth,Liverpool Street,,,,,,,False,True,
910GROMFORD,Romford,6,910GROMFORD-Plat04-WB-elizabeth|national-rail,national-rail,,,,,,,,False,True,
910GROMFORD,Romford,6,910GROMFORD-Plat05-EB-elizabeth|national-rail,elizabeth,Shenfield,,,,,,,False,True,
910GROMFORD,Romford,6,910GROMFORD-Plat05-EB-elizabeth|national-rail,national-rail,,,,,,,,False,True,
910GRTHERHI,Rotherhithe,2,910GRTHERHI-Plat01-NB-london-overground,windrush,,,,,,,,False,False,
910GRTHERHI,Rotherhithe,2,910GRTHERHI-Plat02-SB-london-overground,windrush,,,,,,,,False,False,
910GSACTON,South Acton,3,910GSACTON-Plat01-WB-london-overground,mildmay,Richmond,,,,,,,False,True,Use the Kingswood Terrace entrance for westbound platform
910GSACTON,South Acton,3,910GSACTON-Plat02-EB-london-overground,mildmay,Stratford,,,,,,,False,True,Use the Palmerston Road entrance for eastbound platform
910GSBURY,Southbury,5,910GSBURY-Plat01-SB-london-overground,weaver,,,,,,,,False,False,
910GSBURY,Southbury,5,910GSBURY-Plat02-NB-london-overground,weaver,,,,,,,,False,False,
910GSCROYDN,South Croydon,5,910GSCROYDN-Plat01-NB-national-rail,national-rail,,,,,,,,False,True,
910GSCROYDN,South Croydon,5,910GSCROYDN-Plat02-SB-national-rail,national-rail,,,,,,,,False,False,
910GSCROYDN,South Croydon,5,910GSCROYDN-Plat03-NB-national-rail,national-rail,,,,,,,,False,False,"Not operated by TfL. If you need assistance, please check assisted travel at www.thameslinkrailway.co.uk"
910GSCROYDN,South Croydon,5,910GSCROYDN-Plat04-SB-national-rail,national-rail,,,,,,,,False,False,
910GSCROYDN,South Croydon,5,910GSCROYDN-Plat05-SB-national-rail,national-rail,,,,,,,,False,False,"Not operated by TfL. If you need assistance, please check assisted travel at www.thameslinkrailway.co.uk"
910GSHENFLD,Shenfield,Outside,910GSHENFLD-Plat01-WB-national-rail,national-rail,,,,,,,,False,True,
910GSHENFLD,Shenfield,Outside,910GSHENFLD-Plat02-WB-national-rail,national-rail,,,,,,,,False,True,
910GSHENFLD,Shenfield,Outside,910GSHENFLD-Plat03-EB-national-rail,national-rail,,,,,,,,False,True,
910GSHENFLD,Shenfield,Outside,910GSHENFLD-Plat04-EB-national-rail,national-rail,,,,,,,,False,True,
910GSHENFLD,Shenfield,Outside,910GSHENFLD-Plat05-WB-elizabeth,elizabeth,Liverpool Street,,,,,,,False,True,
910GSHENFLD,Shenfield,Outside,910GSHENFLD-Plat06-WB-elizabeth,elizabeth,Liverpool Street,,,,,,,False,True,
910GSHLIER,St Helier (London),4,910GSHLIER-Plat01-NB-national-rail,national-rail,,,,,,,,False,False,"Not operated by TfL. If you need assistance, please check assisted travel at www.thameslinkrailway.co.uk"
910GSHLIER,St Helier (London),4,910GSHLIER-Plat02-SB-national-rail,national-rail,,,,,,,,False,False,"Not operated by TfL. If you need assistance, please check assisted travel at www.thameslinkrailway.co.uk"
910GSHMPSTD,South Hampstead,2,910GSHMPSTD-Plat01-SB-london-overground,lioness,,,,,,,,False,False,
910GSHMPSTD,South Hampstead,2,910GSHMPSTD-Plat02-NB-london-overground,lioness,,,,,,,,False,False,
910GSHRDHST,Shoreditch High Street,1,910GSHRDHST-Plat01-NB-london-overground,windrush,Highbury & Islington,0.0,85.0,,0.0,50.0,,True,False,
910GSHRDHST,Shoreditch High Street,1,910GSHRDHST-Plat02-SB-london-overground,windrush,"New Cross, Clapham Junction, Crystal Palace and West Croydon",0.0,85.0,,0.0,50.0,,True,False,
910GSHRTLND,Shortlands,4,910GSHRTLND-Plat01-NB-national-rail,national-rail,,,,,,,,False,True,"Not operated by TfL. If you need assistance, please check assisted travel at www.thameslinkrailway.co.uk"
910GSHRTLND,Shortlands,4,910GSHRTLND-Plat02-SB-national-rail,national-rail,,,,,,,,False,True,"Not operated by TfL. If you need assistance, please check assisted travel at www.thameslinkrailway.co.uk"
910GSHRTLND,Shortlands,4,910GSHRTLND-Plat03-NB-national-rail,national-rail,,,,,,,,False,True,"Not operated by TfL. If you need assistance, please check assisted travel at www.thameslinkrailway.co.uk"
910GSHRTLND,Shortlands,4,910GSHRTLND-Plat04-SB-national-rail,national-rail,,,,,,,,False,True,"Not operated by TfL. If you need assistance, please check assisted travel at www.thameslinkrailway.co.uk"
910GSIVRST,Silver Street,4,910GSIVRST-Plat01-SB-london-overground,weaver,,,,,,,,False,False,
910GSIVRST,Silver Street,4,910GSIVRST-Plat02-NB-london-overground,weaver,,,,,,,,False,False,
910GSLADEGN,Slade Green,6,910GSLADEGN-Plat01-WB-national-rail,national-rail,,,,,,,,False,True,"Not operated by TfL. If you need assistance, please check assisted travel at www.thameslinkrailway.co.uk"
910GSLADEGN,Slade Green,6,910GSLADEGN-Plat02-EB-national-rail,national-rail,,,,,,,,False,True,"Not operated by TfL. If you need assistance, please check assisted travel at www.thameslinkrailway.co.uk"
910GSLOUGH,Slough,Outside,910GSLOUGH-Plat01-WB-national-rail,national-rail,Windsor,,,,,,,False,True,
910GSLOUGH,Slough,Outside,910GSLOUGH-Plat02-WB-elizabeth|national-rail,elizabeth,Reading,,,,,,,False,True,
910GSLOUGH,Slough,Outside,910GSLOUGH-Plat02-WB-elizabeth|national-rail,national-rail,,,,,,,,False,True,
910GSLOUGH,Slough,Outside,910GSLOUGH-Plat03-EB-elizabeth|national-rail,elizabeth,Paddington Station,,,,,,,False,True,
910GSLOUGH,Slough,Outside,910GSLOUGH-Plat03-EB-elizabeth|national-rail,national-rail,,,,,,,,False,True,
910GSLOUGH,Slough,Outside,910GSLOUGH-Plat04-WB-elizabeth|national-rail,elizabeth,Reading,,,,,,,False,True,
910GSLOUGH,Slough,Outside,910GSLOUGH-Plat04-WB-elizabeth|national-rail,national-rail,,,,,,,,False,True,
910GSLOUGH,Slough,Outside,910GSLOUGH-Plat05-EB-elizabeth|national-rail,elizabeth,Paddington Station,,,,,,,False,True,
910GSLOUGH,Slough,Outside,910GSLOUGH-Plat05-EB-elizabeth|national-rail,national-rail,,,,,,,,False,True,
910GSMERTON,South Merton,4,910GSMERTON-Plat01-NB-national-rail,national-rail,,,,,,,,False,False,"Not operated by TfL. If you need assistance, please check assisted travel at www.thameslinkrailway.co.uk"
910GSMERTON,South Merton,4,910GSMERTON-Plat02-SB-national-rail,national-rail,,,,,,,,False,False,"Not operated by TfL. If you need assistance, please check assisted travel at www.thameslinkrailway.co.uk"
910GSTHALL,Southall,4,910GSTHALL-Plat01-WB-elizabeth|national-rail,elizabeth,,,,,,,,False,True,
910GSTHALL,Southall,4,910GSTHALL-Plat01-WB-elizabeth|national-rail,national-rail,,,,,,,,False,True,
910GSTHALL,Southall,4,910GSTHALL-Plat02-EB-elizabeth|national-rail,elizabeth,,,,,,,,False,True,
910GSTHALL,Southall,4,910GSTHALL-Plat02-EB-elizabeth|national-rail,national-rail,,,,,,,,False,True,
910GSTHALL,Southall,4,910GSTHALL-Plat03-WB-elizabeth|national-rail,elizabeth,,,,,,,,False,True,
910GSTHALL,Southall,4,910GSTHALL-Plat03-WB-elizabeth|national-rail,national-rail,,,,,,,,False,True,
910GSTHALL,Southall,4,910GSTHALL-Plat04-EB-elizabeth|national-rail,elizabeth,,,,,,,,False,True,
910GSTHALL,Southall,4,910GSTHALL-Plat04-EB-elizabeth|national-rail,national-rail,,,,,,,,False,True,
910GSTJMSST,St James Street,3,910GSTJMSST-Plat01-SB-london-overground,weaver,,,,,,,,False,False,
910GSTJMSST,St James Street,3,910GSTJMSST-Plat02-NB-london-overground,weaver,,,,,,,,False,False,
910GSTKNWNG,Stoke Newington,2,910GSTKNWNG-Plat01-SB-london-overground,weaver,,,,,,,,False,False,
910GSTKNWNG,Stoke Newington,2,910GSTKNWNG-Plat02-NB-london-overground,weaver,,,,,,,,False,False,
910GSTMFDHL,Stamford Hill,3,910GSTMFDHL-Plat01-SB-london-overground,weaver,,,,,,,,False,False,
910GSTMFDHL,Stamford Hill,3,910GSTMFDHL-Plat02-NB-london-overground,weaver,,,,,,,,False,False,
910GSTMRYC,St Mary Cray,6,910GSTMRYC-Plat01-WB-national-rail,national-rail,,,,,,,,False,True,"Not operated by TfL. If you need assistance, please check assisted travel at www.thameslinkrailway.co.uk"
910GSTMRYC,St Mary Cray,6,910GSTMRYC-Plat02-EB-national-rail,national-rail,,,,,,,,False,True,"Not operated by TfL. If you need assistance, please check assisted travel at www.thameslinkrailway.co.uk"
910GSTMRYC,St Mary Cray,6,910GSTMRYC-Plat03-WB-national-rail,national-rail,,,,,,,,False,True,"Not operated by TfL. If you need assistance, please check assisted travel at www.thameslinkrailway.co.uk"
910GSTMRYC,St Mary Cray,6,910GSTMRYC-Plat04-EB-national-rail,national-rail,,,,,,,,False,True,"Not operated by TfL. If you need assistance, please check assisted travel at www.thameslinkrailway.co.uk"
910GSTOTNHM,South Tottenham,3,910GSTOTNHM-Plat01-WB-london-overground,suffragette,Gospel Oak,,,,,,,False,True,
910GSTOTNHM,South Tottenham,3,910GSTOTNHM-Plat02-EB-london-overground,suffragette,Barking,,,,,,,False,True,
HUBKGX,King's Cross St Pancras,1,910GSTPXBOX-PlatA-SB-national-rail,national-rail,,,,,,,,True,False,"Not operated by TfL. If you need assistance, please check assisted travel at www.thameslinkrailway.co.uk"
HUBKGX,King's Cross St Pancras,1,910GSTPXBOX-PlatB-NB-national-rail,national-rail,,,,,,,,True,False,"Not operated by TfL. If you need assistance, please check assisted travel at www.thameslinkrailway.co.uk"
HUBKGX,King's Cross St Pancras,1,910GSTPADOM-Plat01-NB-national-rail,national-rail,,,,,,,,False,True,
HUBKGX,King's Cross St Pancras,1,910GSTPADOM-Plat02-NB-national-rail,national-rail,,,,,,,,False,True,
HUBKGX,King's Cross St Pancras,1,910GSTPADOM-Plat03-NB-national-rail,national-rail,,,,,,,,False,True,
HUBKGX,King's Cross St Pancras,1,910GSTPADOM-Plat04-NB-national-rail,national-rail,,,,,,,,False,True,
HUBKGX,King's Cross St Pancras,1,910GSTPADOM-Plat11-EB-national-rail,national-rail,,,,,,,,False,True,
HUBKGX,King's Cross St Pancras,1,910GSTPADOM-Plat12-EB-national-rail,national-rail,,,,,,,,False,True,
HUBKGX,King's Cross St Pancras,1,910GSTPADOM-Plat13-EB-national-rail,national-rail,,,,,,,,False,True,
910GSTRETHM,Streatham,3,910GSTRETHM-Plat01-SB-national-rail,national-rail,,,,,,,,False,True,"Not operated by TfL. If you need assistance, please check assisted travel at www.thameslinkrailway.co.uk"
910GSTRETHM,Streatham,3,910GSTRETHM-Plat02-NB-national-rail,national-rail,,,,,,,,False,True,"Not operated by TfL. If you need assistance, please check assisted travel at www.thameslinkrailway.co.uk"
910GSURREYQ,Surrey Quays,2,910GSURREYQ-Plat01-NB-london-overground,windrush,,,,,,,,False,False,
910GSURREYQ,Surrey Quays,2,910GSURREYQ-Plat02-SB-london-overground,windrush,,,,,,,,False,False,
910GSUTTONC,Sutton Common,4,910GSUTTONC-Plat01-NB-national-rail,national-rail,,,,,,,,False,False,"Not operated by TfL. If you need assistance, please check assisted travel at www.thameslinkrailway.co.uk"
910GSUTTONC,Sutton Common,4,910GSUTTONC-Plat02-SB-national-rail,national-rail,,,,,,,,False,False,"Not operated by TfL. If you need assistance, please check assisted travel at www.thameslinkrailway.co.uk"
910GSUTTON,Sutton,5,910GSUTTON-Plat01-EB-national-rail,national-rail,,,,,,,,False,True,"Not operated by TfL. If you need assistance, please check assisted travel at www.thameslinkrailway.co.uk"
910GSUTTON,Sutton,5,910GSUTTON-Plat02-WB-national-rail,national-rail,,,,,,,,False,True,"Not operated by TfL. If you need assistance, please check assisted travel at www.thameslinkrailway.co.uk"
910GSVNKNGS,Seven Kings,4,910GSVNKNGS-Plat01-WB-elizabeth|national-rail,elizabeth,Liverpool Street,,,,,,,False,True,
910GSVNKNGS,Seven Kings,4,910GSVNKNGS-Plat01-WB-elizabeth|national-rail,national-rail,,,,,,,,False,True,
910GSVNKNGS,Seven Kings,4,910GSVNKNGS-Plat02-EB-elizabeth,elizabeth,Shenfield,,,,,,,False,True,
910GSVNKNGS,Seven Kings,4,910GSVNKNGS-Plat03-WB-elizabeth|national-rail,elizabeth,Liverpool Street,,,,,,,False,True,
910GSVNKNGS,Seven Kings,4,910GSVNKNGS-Plat03-WB-elizabeth|national-rail,national-rail,,,,,,,,False,True,
910GSVNKNGS,Seven Kings,4,910GSVNKNGS-Plat04-EB-elizabeth,elizabeth,Shenfield,,,,,,,False,True,
910GSWLY,Swanley,8,910GSWLY-Plat01-NB-national-rail,national-rail,,,,,,,,False,True,"Not operated by TfL. If you need assistance, please check assisted travel at www.thameslinkrailway.co.uk"
910GSWLY,Swanley,8,910GSWLY-Plat02-SB-national-rail,national-rail,,,,,,,,False,True,"Not operated by TfL. If you need assistance, please check assisted travel at www.thameslinkrailway.co.uk"
910GSWLY,Swanley,8,910GSWLY-Plat03-NB-national-rail,national-rail,,,,,,,,False,True,"Not operated by TfL. If you need assistance, please check assisted travel at www.thameslinkrailway.co.uk"
910GSWLY,Swanley,8,910GSWLY-Plat04-SB-national-rail,national-rail,,,,,,,,False,True,"Not operated by TfL. If you need assistance, please check assisted travel at www.thameslinkrailway.co.uk"
910GTAPLOW,Taplow,Outside,910GTAPLOW-Plat01-WB-elizabeth|national-rail,elizabeth,Reading,,,,,,,False,True,
910GTAPLOW,Taplow,Outside,910GTAPLOW-Plat01-WB-elizabeth|national-rail,national-rail,,,,,,,,False,True,
910GTAPLOW,Taplow,Outside,910GTAPLOW-Plat02-EB-elizabeth|national-rail,elizabeth,Paddington Station,,,,,,,False,True,
910GTAPLOW,Taplow,Outside,910GTAPLOW-Plat02-EB-elizabeth|national-rail,national-rail,,,,,,,,False,True,
910GTAPLOW,Taplow,Outside,910GTAPLOW-Plat03-WB-elizabeth|national-rail,elizabeth,Reading,,,,,,,False,True,
910GTAPLOW,Taplow,Outside,910GTAPLOW-Plat03-WB-elizabeth|national-rail,national-rail,,,,,,,,False,True,
910GTAPLOW,Taplow,Outside,910GTAPLOW-Plat04-EB-elizabeth|national-rail,elizabeth,Paddington Station,,,,,,,False,True,
910GTAPLOW,Taplow,Outside,910GTAPLOW-Plat04-EB-elizabeth|national-rail,national-rail,,,,,,,,False,True,
910GTHBLDSG,Theobalds Grove,7,910GTHBLDSG-Plat01-SB-london-overground,weaver,,,,,,,,False,False,
910GTHBLDSG,Theobalds Grove,7,910GTHBLDSG-Plat02-NB-london-overground,weaver,,,,,,,,False,False,
910GTOOTING,Tooting,3,910GTOOTING-Plat01-NB-national-rail,national-rail,,,,,,,,False,True,"Not operated by TfL. If you need assistance, please check assisted travel at www.thameslinkrailway.co.uk"
910GTOOTING,Tooting,3,910GTOOTING-Plat02-SB-national-rail,national-rail,,,,,,,,False,True,"Not operated by TfL. If you need assistance, please check assisted travel at www.thameslinkrailway.co.uk"
910GTULSEH,Tulse Hill,3,910GTULSEH-Plat01-NB-national-rail,national-rail,,,,,,,,False,False,"Not operated by TfL. If you need assistance, please check assisted travel at www.thameslinkrailway.co.uk"
910GTULSEH,Tulse Hill,3,910GTULSEH-Plat02-SB-national-rail,national-rail,,,,,,,,False,False,"Not operated by TfL. If you need assistance, please check assisted travel at www.thameslinkrailway.co.uk"
910GTURKYST,Turkey Street,6,910GTURKYST-Plat01-SB-london-overground,weaver,,,,,,,,False,False,
910GTURKYST,Turkey Street,6,910GTURKYST-Plat02-NB-london-overground,weaver,,,,,,,,False,False,
910GTWYFORD,Twyford,Outside,910GTWYFORD-Plat01-WB-elizabeth|national-rail,elizabeth,Reading,,,,,,,False,True,
910GTWYFORD,Twyford,Outside,910GTWYFORD-Plat01-WB-elizabeth|national-rail,national-rail,,,,,,,,False,True,
910GTWYFORD,Twyford,Outside,910GTWYFORD-Plat02-EB-elizabeth|national-rail,elizabeth,Paddington Station,,,,,,,False,True,
910GTWYFORD,Twyford,Outside,910GTWYFORD-Plat02-EB-elizabeth|national-rail,national-rail,,,,,,,,False,True,
910GTWYFORD,Twyford,Outside,910GTWYFORD-Plat03-WB-elizabeth|national-rail,elizabeth,Reading,,,,,,,False,True,
910GTWYFORD,Twyford,Outside,910GTWYFORD-Plat03-WB-elizabeth|national-rail,national-rail,,,,,,,,False,True,
910GTWYFORD,Twyford,Outside,910GTWYFORD-Plat04-EB-elizabeth|national-rail,elizabeth,Paddington Station,,,,,,,False,True,
910GTWYFORD,Twyford,Outside,910GTWYFORD-Plat04-EB-elizabeth|national-rail,national-rail,,,,,,,,False,True,
910GTWYFORD,Twyford,Outside,910GTWYFORD-Plat05-WB-national-rail,national-rail,,,,,,,,False,True,
910GUPRHLWY,Upper Holloway,2,910GUPRHLWY-Plat01-WB-london-overground,suffragette,Gospel Oak,,,,,,,False,True,
910GUPRHLWY,Upper Holloway,2,910GUPRHLWY-Plat02-EB-london-overground,suffragette,Barking,,,,,,,False,True,
910GWAPPING,Wapping,2,910GWAPPING-Plat01-NB-london-overground,windrush,,,,,,,,False,False,
910GWAPPING,Wapping,2,910GWAPPING-Plat02-SB-london-overground,windrush,,,,,,,,False,False,
910GWATFDHS,Watford High Street,8,910GWATFDHS-Plat01-SB-london-overground,lioness,,,,,,,,False,False,
910GWATFDHS,Watford High Street,8,910GWATFDHS-Plat02-NB-london-overground,lioness,,,,,,,,False,False,
910GWCOMBEP,Westcombe Park,3,910GWCOMBEP-Plat01-WB-national-rail,national-rail,,,,,,,,False,True,"Not operated by TfL. If you need assistance, please check assisted travel at www.thameslinkrailway.co.uk"
910GWCOMBEP,Westcombe Park,3,910GWCOMBEP-Plat02-EB-national-rail,national-rail,,,,,,,,False,True,"Not operated by TfL. If you need assistance, please check assisted travel at www.thameslinkrailway.co.uk"
910GWDGRNPK,Woodgrange Park,3|4,910GWDGRNPK-Plat01-WB-london-overground,suffragette,,,,,,,,False,False,
910GWDGRNPK,Woodgrange Park,3|4,910GWDGRNPK-Plat02-EB-london-overground,suffragette,,,,,,,,False,False,
910GWDRYTON,West Drayton,6,910GWDRYTON-Plat01-WB-elizabeth|national-rail,elizabeth,,,,,,,,False,True,
910GWDRYTON,West Drayton,6,910GWDRYTON-Plat01-WB-elizabeth|national-rail,national-rail,,,,,,,,False,True,
910GWDRYTON,West Drayton,6,910GWDRYTON-Plat02-EB-elizabeth|national-rail,elizabeth,,,,,,,,False,True,
910GWDRYTON,West Drayton,6,910GWDRYTON-Plat02-EB-elizabeth|national-rail,national-rail,,,,,,,,False,True,
910GWDRYTON,West Drayton,6,910GWDRYTON-Plat03-WB-elizabeth|national-rail,elizabeth,,,,,,,,False,True,
910GWDRYTON,West Drayton,6,910GWDRYTON-Plat03-WB-elizabeth|national-rail,national-rail,,,,,,,,False,True,
910GWDRYTON,West Drayton,6,910GWDRYTON-Plat04-EB-elizabeth|national-rail,elizabeth,,,,,,,,False,True,
910GWDRYTON,West Drayton,6,910GWDRYTON-Plat04-EB-elizabeth|national-rail,national-rail,,,,,,,,False,True,
910GWDRYTON,West Drayton,6,910GWDRYTON-Plat05-EB-elizabeth,elizabeth,,,,,,,,False,True,
910GWDST,Wood Street,4,910GWDST-Plat01-SB-london-overground,weaver,,,,,,,,False,False,
910GWDST,Wood Street,4,910GWDST-Plat02-NB-london-overground,weaver,,,,,,,,False,False,
910GWEALING,West Ealing,3,910GWEALING-Plat03-WB-elizabeth|national-rail,elizabeth,,,,,,,,False,True,
910GWEALING,West Ealing,3,910GWEALING-Plat03-WB-elizabeth|national-rail,national-rail,,,,,,,,False,True,
910GWEALING,West Ealing,3,910GWEALING-Plat04-EB-elizabeth|national-rail,elizabeth,,,,,,,,False,True,
910GWEALING,West Ealing,3,910GWEALING-Plat04-EB-elizabeth|national-rail,national-rail,,,,,,,,False,True,
910GWEALING,West Ealing,3,910GWEALING-Plat05-WB-national-rail,national-rail,,,,,,,,False,True,
910GWHHRTLA,White Hart Lane,3,910GWHHRTLA-Plat01-SB-london-overground,weaver,Liverpool Street,,,,,,,False,True,
910GWHHRTLA,White Hart Lane,3,910GWHHRTLA-Plat02-NB-london-overground,weaver,Silver Street,,,,,,,False,True,
910GWHMDSTD,West Hampstead,2,910GWHMDSTD-Plat01-EB-london-overground,mildmay,Highbury & Islington,,,,,,,False,True,
910GWHMDSTD,West Hampstead,2,910GWHMDSTD-Plat02-WB-london-overground,mildmay,Willesden Junction,,,,,,,False,True,
910GWHMPSTM,West Hampstead Thameslink,2,910GWHMPSTM-Plat01-SB-national-rail,national-rail,,,,,,,,False,True,"Not operated by TfL. If you need assistance, please check assisted travel at www.thameslinkrailway.co.uk"
910GWHMPSTM,West Hampstead Thameslink,2,910GWHMPSTM-Plat02-NB-national-rail,national-rail,,,,,,,,False,True,"Not operated by TfL. If you need assistance, please check assisted travel at www.thameslinkrailway.co.uk"
910GWHMPSTM,West Hampstead Thameslink,2,910GWHMPSTM-Plat03-SB-national-rail,national-rail,,,,,,,,False,True,"Not operated by TfL. If you need assistance, please check assisted travel at www.thameslinkrailway.co.uk"
910GWHMPSTM,West Hampstead Thameslink,2,910GWHMPSTM-Plat04-NB-national-rail,national-rail,,,,,,,,False,True,"Not operated by TfL. If you need assistance, please check assisted travel at www.thameslinkrailway.co.uk"
910GWIMLCHS,Wimbledon Chase,3,910GWIMLCHS-Plat01-NB-national-rail,national-rail,,,,,,,,False,False,"Not operated by TfL. If you need assistance, please check assisted travel at www.thameslinkrailway.co.uk"
910GWIMLCHS,Wimbledon Chase,3,910GWIMLCHS-Plat02-SB-national-rail,national-rail,,,,,,,,False,False,"Not operated by TfL. If you need assistance, please check assisted travel at www.thameslinkrailway.co.uk"
910GWLTHQRD,Walthamstow Queen's Road,3,910GWLTHQRD-Plat01-WB-london-overground,suffragette,Gospel Oak,,,,,,,False,True,
910GWLTHQRD,Walthamstow Queen's Road,3,910GWLTHQRD-Plat02-EB-london-overground,suffragette,Barking,,,,,,,False,True,
910GWNDSWRD,Wandsworth Road,2,910GWNDSWRD-Plat01-WB-london-overground,windrush,,,,,,,,False,False,
910GWNDSWRD,Wandsworth Road,2,910GWNDSWRD-Plat02-EB-london-overground,windrush,,,,,,,,False,False,
910GWNSTDPK,Wanstead Park,3,910GWNSTDPK-Plat01-WB-london-overground,suffragette,,,,,,,,False,False,
910GWNSTDPK,Wanstead Park,3,910GWNSTDPK-Plat02-EB-london-overground,suffragette,,,,,,,,False,False,
910GWSUTTON,West Sutton,5,910GWSUTTON-Plat01-NB-national-rail,national-rail,,,,,,,,False,False,"Not operated by TfL. If you need assistance, please check assisted travel at www.thameslinkrailway.co.uk"
910GWSUTTON,West Sutton,5,910GWSUTTON-Plat02-SB-national-rail,national-rail,,,,,,,,False,False,"Not operated by TfL. If you need assistance, please check assisted travel at www.thameslinkrailway.co.uk"
910GWOLWXR,Woolwich,4,910GWOLWXR-PlatA-EB-elizabeth,elizabeth,,,,,,,,False,False,
910GWOLWXR,Woolwich,4,910GWOLWXR-PlatB-WB-elizabeth,elizabeth,,,,,,,,False,False,
940GZZALGWP,Greenwich Peninsula,Outside,940GZZALGWP-NB-london-cable-car,london-cable-car,,0.0,85.0,,0.0,50.0,,False,False,
940GZZALRDK,Royal Docks,Outside,940GZZALRDK-SB-london-cable-car,london-cable-car,,0.0,85.0,,0.0,50.0,,False,False,
940GZZCRADD,Addiscombe,Trams fare zone,940GZZCRADD-EB-tram,tram,,0.0,85.0,,0.0,50.0,,True,False,
940GZZCRADD,Addiscombe,Trams fare zone,940GZZCRADD-WB-tram,tram,,0.0,85.0,,0.0,50.0,,True,False,
940GZZCRADV,Addington Village,Trams fare zone,940GZZCRADV-EB-tram,tram,,0.0,85.0,,0.0,50.0,,True,False,
940GZZCRADV,Addington Village,Trams fare zone,940GZZCRADV-WB-tram,tram,,0.0,85.0,,0.0,50.0,,True,False,
940GZZCRAMP,Ampere Way,Trams fare zone,940GZZCRAMP-EB-tram,tram,,0.0,85.0,,0.0,50.0,,False,False,
940GZZCRAMP,Ampere Way,Trams fare zone,940GZZCRAMP-WB-tram,tram,,0.0,85.0,,0.0,50.0,,False,False,
940GZZCRARA,Arena,Trams fare zone,940GZZCRARA-EB-tram,tram,,0.0,85.0,,0.0,50.0,,False,False,
940GZZCRARA,Arena,Trams fare zone,940GZZCRARA-WB-tram,tram,,0.0,85.0,,0.0,50.0,,False,False,
940GZZCRAVE,Avenue Road,Trams fare zone,940GZZCRAVE-EB-tram,tram,,0.0,85.0,,0.0,50.0,,False,False,
940GZZCRAVE,Avenue Road,Trams fare zone,940GZZCRAVE-WB-tram,tram,,0.0,85.0,,0.0,50.0,,False,False,
940GZZCRBED,Beddington Lane,Trams fare zone,940GZZCRBED-EB-tram,tram,,0.0,85.0,,0.0,50.0,,True,False,
940GZZCRBED,Beddington Lane,Trams fare zone,940GZZCRBED-WB-tram,tram,,0.0,85.0,,0.0,50.0,,True,False,
940GZZCRBGV,Belgrave Walk,Trams fare zone,940GZZCRBGV-EB-tram,tram,,0.0,85.0,,0.0,50.0,,True,False,
940GZZCRBGV,Belgrave Walk,Trams fare zone,940GZZCRBGV-WB-tram,tram,,0.0,85.0,,0.0,50.0,,True,False,
940GZZCRBLA,Blackhorse Lane,Trams fare zone,940GZZCRBLA-EB-tram,tram,,0.0,85.0,,0.0,50.0,,True,False,
940GZZCRBLA,Blackhorse Lane,Trams fare zone,940GZZCRBLA-WB-tram,tram,,0.0,85.0,,0.0,50.0,,True,False,
940GZZCRBRD,Beckenham Road,Trams fare zone,940GZZCRBRD-EB-tram,tram,,0.0,85.0,,0.0,50.0,,True,False,
940GZZCRBRD,Beckenham Road,Trams fare zone,940GZZCRBRD-WB-tram,tram,,0.0,85.0,,0.0,50.0,,True,False,
940GZZCRCEN,George Street,Trams fare zone,940GZZCRCEN-WB-tram,tram,,0.0,85.0,,0.0,50.0,,True,False,
940GZZCRCHR,Church Street,Trams fare zone,940GZZCRCHR-WB-tram,tram,,0.0,85.0,,0.0,50.0,,True,False,
940GZZCRCOO,Coombe Lane,Trams fare zone,940GZZCRCOO-EB-tram,tram,,0.0,85.0,,0.0,50.0,,True,False,
940GZZCRCOO,Coombe Lane,Trams fare zone,940GZZCRCOO-WB-tram,tram,,0.0,85.0,,0.0,50.0,,True,False,
940GZZCRCTR,Centrale,Trams fare zone,940GZZCRCTR-EB-tram,tram,,0.0,85.0,,0.0,50.0,,True,False,
940GZZCRDDR,Dundonald Road,Trams fare zone,940GZZCRDDR-EB-tram,tram,,0.0,85.0,,0.0,50.0,,True,False,
940GZZCRDDR,Dundonald Road,Trams fare zone,940GZZCRDDR-WB-tram,tram,,0.0,85.0,,0.0,50.0,,True,False,
940GZZCRFLD,Fieldway,Trams fare zone,940GZZCRFLD-EB-tram,tram,,0.0,85.0,,0.0,50.0,,True,False,
940GZZCRFLD,Fieldway,Trams fare zone,940GZZCRFLD-WB-tram,tram,,0.0,85.0,,0.0,50.0,,True,False,
940GZZCRGRA,Gravel Hill,Trams fare zone,940GZZCRGRA-EB-tram,tram,,0.0,85.0,,0.0,50.0,,True,False,
940GZZCRGRA,Gravel Hill,Trams fare zone,940GZZCRGRA-WB-tram,tram,,0.0,85.0,,0.0,50.0,,True,False,
940GZZCRHAR,Harrington Road,Trams fare zone,940GZZCRHAR-EB-tram,tram,,0.0,85.0,,0.0,50.0,,True,False,
940GZZCRHAR,Harrington Road,Trams fare zone,940GZZCRHAR-WB-tram,tram,,0.0,85.0,,0.0,50.0,,True,False,
940GZZCRKGH,King Henry's Drive,Trams fare zone,940GZZCRKGH-EB-tram,tram,,0.0,85.0,,0.0,50.0,,True,False,
940GZZCRKGH,King Henry's Drive,Trams fare zone,940GZZCRKGH-WB-tram,tram,,0.0,85.0,,0.0,50.0,,True,False,
940GZZCRLEB,Lebanon Road,Trams fare zone,940GZZCRLEB-EB-tram,tram,,0.0,85.0,,0.0,50.0,,True,False,
940GZZCRLEB,Lebanon Road,Trams fare zone,940GZZCRLEB-WB-tram,tram,,0.0,85.0,,0.0,50.0,,True,False,
940GZZCRLOY,Lloyd Park,Trams fare zone,940GZZCRLOY-EB-tram,tram,,0.0,85.0,,0.0,50.0,,True,False,
940GZZCRLOY,Lloyd Park,Trams fare zone,940GZZCRLOY-WB-tram,tram,,0.0,85.0,,0.0,50.0,,True,False,
940GZZCRMCH,Mitcham,Trams fare zone,940GZZCRMCH-EB-tram,tram,,0.0,85.0,,0.0,50.0,,True,False,
940GZZCRMCH,Mitcham,Trams fare zone,940GZZCRMCH-WB-tram,tram,,0.0,85.0,,0.0,50.0,,True,False,
940GZZCRMDN,Morden Road,Trams fare zone,940GZZCRMDN-EB-tram,tram,,0.0,85.0,,0.0,50.0,,True,False,
940GZZCRMDN,Morden Road,Trams fare zone,940GZZCRMDN-WB-tram,tram,,0.0,85.0,,0.0,50.0,,True,False,
940GZZCRMTP,Merton Park,Trams fare zone,940GZZCRMTP-EB-tram,tram,,0.0,85.0,,0.0,50.0,,True,False,
940GZZCRMTP,Merton Park,Trams fare zone,940GZZCRMTP-WB-tram,tram,,0.0,85.0,,0.0,50.0,,True,False,
940GZZCRNWA,New Addington,Trams fare zone,940GZZCRNWA-WB-tram,tram,,0.0,85.0,,0.0,50.0,,True,False,
940GZZCRPHI,Phipps Bridge,Trams fare zone,940GZZCRPHI-EB-tram,tram,,0.0,85.0,,0.0,50.0,,True,False,
940GZZCRPHI,Phipps Bridge,Trams fare zone,940GZZCRPHI-WB-tram,tram,,0.0,85.0,,0.0,50.0,,True,False,
940GZZCRRVC,Reeves Corner,Trams fare zone,940GZZCRRVC-EB-tram,tram,,0.0,85.0,,0.0,50.0,,True,False,
940GZZCRSAN,Sandilands,Trams fare zone,940GZZCRSAN-EB-tram,tram,,0.0,85.0,,0.0,50.0,,True,False,
940GZZCRSAN,Sandilands,Trams fare zone,940GZZCRSAN-WB-tram,tram,,0.0,85.0,,0.0,50.0,,True,False,
940GZZCRTPA,Therapia Lane,Trams fare zone,940GZZCRTPA-EB-tram,tram,,0.0,85.0,,0.0,50.0,,True,False,
940GZZCRTPA,Therapia Lane,Trams fare zone,940GZZCRTPA-WB-tram,tram,,0.0,85.0,,0.0,50.0,,True,False,
940GZZCRWAD,Waddon Marsh,Trams fare zone,940GZZCRWAD-EB-tram,tram,,0.0,85.0,,0.0,50.0,,True,False,
940GZZCRWAD,Waddon Marsh,Trams fare zone,940GZZCRWAD-WB-tram,tram,,0.0,85.0,,0.0,50.0,,True,False,
940GZZCRWAN,Wandle Park,Trams fare zone,940GZZCRWAN-EB-tram,tram,,0.0,85.0,,0.0,50.0,,True,False,
940GZZCRWAN,Wandle Park,Trams fare zone,940GZZCRWAN-WB-tram,tram,,0.0,85.0,,0.0,50.0,,True,False,
940GZZCRWEL,Wellesley Road,Trams fare zone,940GZZCRWEL-EB-tram,tram,,0.0,85.0,,0.0,50.0,,True,False,
940GZZCRWOD,Woodside,Trams fare zone,940GZZCRWOD-EB-tram,tram,,0.0,85.0,,0.0,50.0,,True,False,
940GZZCRWOD,Woodside,Trams fare zone,940GZZCRWOD-WB-tram,tram,,0.0,85.0,,0.0,50.0,,True,False,
940GZZDLABR,Abbey Road,2|3,940GZZDLABR-Plat01-SB-dlr,dlr,Canning Town,0.0,85.0,,0.0,50.0,,False,False,
940GZZDLABR,Abbey Road,2|3,940GZZDLABR-Plat02-NB-dlr,dlr,Stratford,0.0,85.0,,0.0,50.0,,False,False,
940GZZDLALL,All Saints,2,940GZZDLALL-Plat01-NB-dlr,dlr,Stratford,0.0,85.0,,0.0,50.0,,False,False,
940GZZDLALL,All Saints,2,940GZZDLALL-Plat02-SB-dlr,dlr,Poplar,0.0,85.0,,0.0,50.0,,False,False,
940GZZDLBEC,Beckton,3,940GZZDLBEC-Plat01-WB-dlr,dlr,,0.0,85.0,,0.0,50.0,,False,False,
940GZZDLBEC,Beckton,3,940GZZDLBEC-Plat02-WB-dlr,dlr,,0.0,85.0,,0.0,50.0,,False,False,
940GZZDLBLA,Blackwall,2,940GZZDLBLA-Plat01-EB-dlr,dlr,Canning Town,0.0,85.0,,0.0,50.0,,False,False,
940GZZDLBLA,Blackwall,2,940GZZDLBLA-Plat02-WB-dlr,dlr,Poplar,0.0,85.0,,0.0,50.0,,False,False,
940GZZDLBOW,Bow Church,2,940GZZDLBOW-Plat01-NB-dlr,dlr,Stratford,0.0,85.0,,0.0,50.0,,False,False,
940GZZDLBOW,Bow Church,2,940GZZDLBOW-Plat02-SB-dlr,dlr,Poplar,0.0,85.0,,0.0,50.0,,False,False,
940GZZDLBPK,Beckton Park,3,940GZZDLBPK-Plat01-EB-dlr,dlr,,0.0,85.0,,0.0,50.0,,False,False,
940GZZDLBPK,Beckton Park,3,940GZZDLBPK-Plat02-WB-dlr,dlr,,0.0,85.0,,0.0,50.0,,False,False,
940GZZDLCLA,Crossharbour,2,940GZZDLCLA-Plat01-SB-dlr,dlr,Lewisham,0.0,85.0,,0.0,50.0,,False,False,
940GZZDLCLA,Crossharbour,2,940GZZDLCLA-Plat02-NB-dlr,dlr,Canary Wharf,0.0,85.0,,0.0,50.0,,False,False,
HUBCUS,Custom House for ExCel,3,HUBCUS-PlatA-EB-elizabeth,elizabeth,,0.0,85.0,,0.0,50.0,,False,False,
HUBCUS,Custom House for ExCel,3,HUBCUS-PlatB-WB-elizabeth,elizabeth,,0.0,85.0,,0.0,50.0,,False,False,
HUBCUS,Custom House for ExCel,3,HUBCUS-Plat03-EB-dlr,dlr,Beckton,0.0,85.0,,0.0,50.0,,False,False,
HUBCUS,Custom House for ExCel,3,HUBCUS-Plat04-WB-dlr,dlr,Canning Town,0.0,85.0,,0.0,50.0,,False,False,
940GZZDLCYP,Cyprus,3,940GZZDLCYP-Plat01-EB-dlr,dlr,Beckton,0.0,85.0,,0.0,50.0,,False,False,
940GZZDLCYP,Cyprus,3,940GZZDLCYP-Plat02-WB-dlr,dlr,Canning Town,0.0,85.0,,0.0,50.0,,False,False,
940GZZDLDEP,Deptford Bridge,2|3,940GZZDLDEP-Plat01-SB-dlr,dlr,Lewisham,0.0,85.0,,0.0,50.0,,False,False,
940GZZDLDEP,Deptford Bridge,2|3,940GZZDLDEP-Plat02-NB-dlr,dlr,Canary Wharf,0.0,85.0,,0.0,50.0,,False,False,
940GZZDLDEV,Devons Road,2,940GZZDLDEV-Plat01-NB-dlr,dlr,Stratford,0.0,85.0,,0.0,50.0,,False,False,
940GZZDLDEV,Devons Road,2,940GZZDLDEV-Plat02-SB-dlr,dlr,Poplar,0.0,85.0,,0.0,50.0,,False,False,
940GZZDLEIN,East India,2|3,940GZZDLEIN-Plat01-EB-dlr,dlr,Canning Town,0.0,85.0,,0.0,50.0,,False,False,
940GZZDLEIN,East India,2|3,940GZZDLEIN-Plat02-WB-dlr,dlr,Poplar,0.0,85.0,,0.0,50.0,,False,False,
940GZZDLELV,Elverson Road,2|3,940GZZDLELV-Plat01-SB-dlr,dlr,Lewisham,0.0,85.0,,0.0,50.0,,False,False,
940GZZDLELV,Elverson Road,2|3,940GZZDLELV-Plat02-NB-dlr,dlr,Canary Wharf,0.0,85.0,,0.0,50.0,,False,False,
940GZZDLGAL,Gallions Reach,3,940GZZDLGAL-Plat01-EB-dlr,dlr,Beckton,0.0,85.0,,0.0,50.0,,False,False,
940GZZDLGAL,Gallions Reach,3,940GZZDLGAL-Plat02-WB-dlr,dlr,Canning Town,0.0,85.0,,0.0,50.0,,False,False,
940GZZDLHEQ,Heron Quays,2,940GZZDLHEQ-Plat01-SB-dlr,dlr,Lewisham,0.0,85.0,,0.0,50.0,,False,False,
940GZZDLHEQ,Heron Quays,2,940GZZDLHEQ-Plat02-NB-dlr,dlr,Canary Wharf,0.0,85.0,,0.0,50.0,,False,False,
940GZZDLISL,Island Gardens,2,940GZZDLISL-Plat01-SB-dlr,dlr,Lewisham,0.0,85.0,,0.0,50.0,,False,False,
940GZZDLISL,Island Gardens,2,940GZZDLISL-Plat02-NB-dlr,dlr,Canary Wharf,0.0,85.0,,0.0,50.0,,False,False,
940GZZDLKGV,King George V,3,940GZZDLKGV-Plat01-SB-dlr,dlr,Woolwich Arsenal,0.0,85.0,,0.0,50.0,,False,False,
940GZZDLKGV,King George V,3,940GZZDLKGV-Plat02-NB-dlr,dlr,Bank and Stratford,0.0,85.0,,0.0,50.0,,False,False,
940GZZDLLDP,Langdon Park,2,940GZZDLLDP-Plat01-NB-dlr,dlr,Stratford,0.0,85.0,,0.0,50.0,,False,False,
940GZZDLLDP,Langdon Park,2,940GZZDLLDP-Plat02-SB-dlr,dlr,Poplar,0.0,85.0,,0.0,50.0,,False,False,
940GZZDLMUD,Mudchute,2,940GZZDLMUD-Plat01-SB-dlr,dlr,Lewisham,0.0,85.0,,0.0,50.0,,False,False,
940GZZDLMUD,Mudchute,2,940GZZDLMUD-Plat02-NB-dlr,dlr,Canary Wharf,0.0,85.0,,0.0,50.0,,False,False,
940GZZDLPDK,Pontoon Dock,3,940GZZDLPDK-Plat01-SB-dlr,dlr,Woolwich Arsenal,0.0,85.0,,0.0,50.0,,False,False,
940GZZDLPDK,Pontoon Dock,3,940GZZDLPDK-Plat02-NB-dlr,dlr,Bank and Stratford,0.0,85.0,,0.0,50.0,,False,False,
940GZZDLPOP,Poplar,2,940GZZDLPOP-Plat01-EB-dlr,dlr,Woolwich Arsenal,0.0,85.0,,0.0,50.0,,False,False,
940GZZDLPOP,Poplar,2,940GZZDLPOP-Plat02-NB-dlr,dlr,Stratford,0.0,85.0,,0.0,50.0,,False,False,
940GZZDLPOP,Poplar,2,940GZZDLPOP-Plat03-SB-dlr,dlr,Canary Wharf,0.0,85.0,,0.0,50.0,,False,False,
940GZZDLPOP,Poplar,2,940GZZDLPOP-Plat04-WB-dlr,dlr,Westferry,0.0,85.0,,0.0,50.0,,False,False,
940GZZDLPRE,Prince Regent,3,940GZZDLPRE-Plat01-EB-dlr,dlr,Beckton,0.0,85.0,,0.0,50.0,,False,False,
940GZZDLPRE,Prince Regent,3,940GZZDLPRE-Plat02-WB-dlr,dlr,Canning Town,0.0,85.0,,0.0,50.0,,False,False,
940GZZDLPUD,Pudding Mill Lane,2|3,940GZZDLPUD-Plat01-EB-dlr,dlr,Stratford,0.0,85.0,,0.0,50.0,,False,False,
940GZZDLPUD,Pudding Mill Lane,2|3,940GZZDLPUD-Plat02-WB-dlr,dlr,Poplar,0.0,85.0,,0.0,50.0,,False,False,
940GZZDLRAL,Royal Albert,3,940GZZDLRAL-Plat01-EB-dlr,dlr,Beckton,0.0,85.0,,0.0,50.0,,False,False,
940GZZDLRAL,Royal Albert,3,940GZZDLRAL-Plat02-WB-dlr,dlr,Canning Town,0.0,85.0,,0.0,50.0,,False,False,
940GZZDLRVC,Royal Victoria,3,940GZZDLRVC-Plat01-EB-dlr,dlr,Beckton,0.0,85.0,,0.0,50.0,,False,False,
940GZZDLRVC,Royal Victoria,3,940GZZDLRVC-Plat02-WB-dlr,dlr,Canning Town,0.0,85.0,,0.0,50.0,,False,False,
940GZZDLSHS,Stratford High Street,2|3,940GZZDLSHS-Plat01-SB-dlr,dlr,Canning Town,0.0,85.0,,0.0,50.0,,False,False,
940GZZDLSHS,Stratford High Street,2|3,940GZZDLSHS-Plat02-NB-dlr,dlr,Stratford,0.0,85.0,,0.0,50.0,,False,False,
940GZZDLSIT,Stratford International,2|3,940GZZDLSIT-Plat01-SB-dlr,dlr,Woolwich,0.0,85.0,,0.0,50.0,,False,False,
940GZZDLSIT,Stratford International,2|3,940GZZDLSIT-Plat02-SB-dlr,dlr,Woolwich,0.0,85.0,,0.0,50.0,,False,False,
940GZZDLSOQ,South Quay,2,940GZZDLSOQ-Plat01-SB-dlr,dlr,Lewisham,0.0,85.0,,0.0,50.0,,False,False,
940GZZDLSOQ,South Quay,2,940GZZDLSOQ-Plat02-NB-dlr,dlr,Canary Wharf,0.0,85.0,,0.0,50.0,,False,False,
940GZZDLSTL,Star Lane,2|3,940GZZDLSTL-Plat01-SB-dlr,dlr,Canning Town,0.0,85.0,,0.0,50.0,,False,False,
940GZZDLSTL,Star Lane,2|3,940GZZDLSTL-Plat02-NB-dlr,dlr,Stratford,0.0,85.0,,0.0,50.0,,False,False,
940GZZDLWFE,Westferry,2,940GZZDLWFE-Plat01-EB-dlr,dlr,Canary Wharf and Poplar,0.0,85.0,,0.0,50.0,,False,False,
940GZZDLWFE,Westferry,2,940GZZDLWFE-Plat02-WB-dlr,dlr,Shadwell,0.0,85.0,,0.0,50.0,,False,False,
940GZZDLWIQ,West India Quay,2,940GZZDLWIQ-Plat02-SB-dlr,dlr,Canary Wharf,0.0,85.0,,0.0,50.0,,False,False,
940GZZDLWIQ,West India Quay,2,940GZZDLWIQ-Plat03-NB-dlr,dlr,Stratford,0.0,85.0,,0.0,50.0,,False,False,
940GZZDLWIQ,West India Quay,2,940GZZDLWIQ-Plat04-WB-dlr,dlr,Westferry,0.0,85.0,,0.0,50.0,,False,False,
940GZZDLWSV,West Silvertown,3,940GZZDLWSV-Plat01-SB-dlr,dlr,Woolwich Arsenal,0.0,85.0,,0.0,50.0,,False,False,
940GZZDLWSV,West Silvertown,3,940GZZDLWSV-Plat02-NB-dlr,dlr,Bank and Stratford,0.0,85.0,,0.0,50.0,,False,False,
940GZZLUACT,Acton Town,3,940GZZLUACT-Plat01-WB-district|piccadilly,district,Ealing Broadway,,,103.0,,,300.0,False,True,
940GZZLUACT,Acton Town,3,940GZZLUACT-Plat01-WB-district|piccadilly,piccadilly,Uxbridge or Heathrow,76.0,168.0,,127.0,141.0,,False,True,
940GZZLUACT,Acton Town,3,940GZZLUACT-Plat02-WB-piccadilly,piccadilly,Uxbridge or Heathrow,76.0,168.0,,127.0,141.0,,False,True,
940GZZLUACT,Acton Town,3,940GZZLUACT-Plat03-EB-piccadilly,piccadilly,Oakwood,125.0,156.0,,143.0,197.0,,False,True,
940GZZLUACT,Acton Town,3,940GZZLUACT-Plat04-EB-district|piccadilly,district,Upminster,,,80.0,,,217.0,False,True,
940GZZLUACT,Acton Town,3,940GZZLUACT-Plat04-EB-district|piccadilly,piccadilly,Oakwood,125.0,156.0,,143.0,197.0,,False,True,
940GZZLUACY,Archway,2|3,940GZZLUACY-Plat01-NB-northern,northern,,,,,,,,False,False,
940GZZLUACY,Archway,2|3,940GZZLUACY-Plat02-SB-northern,northern,,,,,,,,False,False,
940GZZLUADE,Aldgate East,1,940GZZLUADE-Plat01-WB-district|hammersmith-city,district,Earl's Court,,,47.0,,,153.0,False,True,
940GZZLUADE,Aldgate East,1,940GZZLUADE-Plat01-WB-district|hammersmith-city,hammersmith-city,Hammersmith,,,47.0,,,153.0,False,True,
940GZZLUADE,Aldgate East,1,940GZZLUADE-Plat02-EB-district|hammersmith-city,district,Upminster,0.0,85.0,,0.0,50.0,,False,False,
940GZZLUADE,Aldgate East,1,940GZZLUADE-Plat02-EB-district|hammersmith-city,hammersmith-city,Barking,0.0,85.0,,0.0,50.0,,False,False,
940GZZLUAGL,Angel,1,940GZZLUAGL-Plat01-SB-northern,northern,,,,,,,,False,False,
940GZZLUAGL,Angel,1,940GZZLUAGL-Plat02-NB-northern,northern,,,,,,,,False,False,
940GZZLUALD,Aldgate,1,940GZZLUALD-Plat01-EB-circle,circle,,,,,,,,False,False,
940GZZLUALD,Aldgate,1,940GZZLUALD-Plat02-NB-metropolitan,metropolitan,,,,,,,,False,False,
940GZZLUALD,Aldgate,1,940GZZLUALD-Plat03-NB-metropolitan,metropolitan,,,,,,,,False,False,
940GZZLUALD,Aldgate,1,940GZZLUALD-Plat04-WB-circle,circle,,,,,,,,False,False,
940GZZLUALP,Alperton,4,940GZZLUALP-Plat01-WB-piccadilly,piccadilly,,,,,,,,False,False,
940GZZLUALP,Alperton,4,940GZZLUALP-Plat02-EB-piccadilly,piccadilly,,,,,,,,False,False,
940GZZLUASG,Arnos Grove,4,940GZZLUASG-Plat01-EB-piccadilly,piccadilly,,,,,,,,False,False,
940GZZLUASG,Arnos Grove,4,940GZZLUASG-Plat02-EB-piccadilly,piccadilly,,,,,,,,False,False,
940GZZLUASG,Arnos Grove,4,940GZZLUASG-Plat03-WB-piccadilly,piccadilly,,,,,,,,False,False,
940GZZLUASG,Arnos Grove,4,940GZZLUASG-Plat04-WB-piccadilly,piccadilly,,,,,,,,False,False,
940GZZLUASL,Arsenal,2,940GZZLUASL-Plat01-EB-piccadilly,piccadilly,,,,,,,,False,False,
940GZZLUASL,Arsenal,2,940GZZLUASL-Plat02-WB-piccadilly,piccadilly,,,,,,,,False,False,
940GZZLUBBB,Bromley-by-Bow,2|3,940GZZLUBBB-Plat01-WB-district|hammersmith-city,district,,,,,,,,False,True,
940GZZLUBBB,Bromley-by-Bow,2|3,940GZZLUBBB-Plat01-WB-district|hammersmith-city,hammersmith-city,,,,,,,,False,True,
940GZZLUBBB,Bromley-by-Bow,2|3,940GZZLUBBB-Plat02-EB-district|hammersmith-city,district,,,,,,,,False,True,
940GZZLUBBB,Bromley-by-Bow,2|3,940GZZLUBBB-Plat02-EB-district|hammersmith-city,hammersmith-city,,,,,,,,False,True,
940GZZLUBBN,Barbican,1,940GZZLUBBN-Plat01-EB-circle|hammersmith-city|metropolitan,circle,,,,,,,,False,False,
940GZZLUBBN,Barbican,1,940GZZLUBBN-Plat01-EB-circle|hammersmith-city|metropolitan,hammersmith-city,,,,,,,,False,False,
940GZZLUBBN,Barbican,1,940GZZLUBBN-Plat01-EB-circle|hammersmith-city|metropolitan,metropolitan,,,,,,,,False,False,
940GZZLUBBN,Barbican,1,940GZZLUBBN-Plat02-WB-circle|hammersmith-city|metropolitan,circle,,0.0,85.0,,0.0,50.0,,True,False,"Step free access to Westbound trains from Barbican is available via lifts within Farringdon's Long Lane entrance. The Long Lane entrance to Farringdon station is open between 06:30 and 23:00 on Monday to Saturday. It is not open on Sundays. When this entrance is closed, step-free access is available at Farringdon Station"
940GZZLUBBN,Barbican,1,940GZZLUBBN-Plat02-WB-circle|hammersmith-city|metropolitan,hammersmith-city,,0.0,85.0,,0.0,50.0,,True,False,"Step free access to Westbound trains from Barbican is available via lifts within Farringdon's Long Lane entrance. The Long Lane entrance to Farringdon station is open between 06:30 and 23:00 on Monday to Saturday. It is not open on Sundays. When this entrance is closed, step-free access is available at Farringdon Station"
940GZZLUBBN,Barbican,1,940GZZLUBBN-Plat02-WB-circle|hammersmith-city|metropolitan,metropolitan,,0.0,85.0,,0.0,50.0,,True,False,"Step free access to Westbound trains from Barbican is available via lifts within Farringdon's Long Lane entrance. The Long Lane entrance to Farringdon station is open between 06:30 and 23:00 on Monday to Saturday. It is not open on Sundays. When this entrance is closed, step-free access is available at Farringdon Station"
940GZZLUBDS,Bounds Green,3|4,940GZZLUBDS-Plat01-EB-piccadilly,piccadilly,,,,,,,,False,False,
940GZZLUBDS,Bounds Green,3|4,940GZZLUBDS-Plat02-WB-piccadilly,piccadilly,,,,,,,,False,False,
940GZZLUBEC,Becontree,5,940GZZLUBEC-Plat01-WB-district,district,,,,,,,,False,False,
940GZZLUBEC,Becontree,5,940GZZLUBEC-Plat02-EB-district,district,,,,,,,,False,False,
940GZZLUBKE,Barkingside,4,940GZZLUBKE-Plat01-WB-central,central,,,,,,,,False,False,
940GZZLUBKE,Barkingside,4,940GZZLUBKE-Plat02-EB-central,central,Woodford,,,213.0,,,37.0,False,True,
940GZZLUBKH,Buckhurst Hill,5,940GZZLUBKH-Plat01-WB-central,central,,,,,,,,False,True,
940GZZLUBKH,Buckhurst Hill,5,940GZZLUBKH-Plat02-EB-central,central,,,,,,,,False,True,
940GZZLUBLG,Bethnal Green,2,940GZZLUBLG-Plat01-WB-central,central,,,,,,,,False,False,
940GZZLUBLG,Bethnal Green,2,940GZZLUBLG-Plat02-EB-central,central,,,,,,,,False,False,
940GZZLUBMY,Bermondsey,2,940GZZLUBMY-Plat01-WB-jubilee,jubilee,Stanmore,0.0,85.0,,0.0,50.0,,False,False,"For level access leaving the train at Green Park or Wembley Park, please travel in the correct carriage. "
940GZZLUBMY,Bermondsey,2,940GZZLUBMY-Plat02-EB-jubilee,jubilee,Stratford,0.0,85.0,,0.0,50.0,,False,False,
HUBBDS,Bond Street,1,HUBBDS-Plat01-WB-central,central,Stratford,,,,,,,False,True,
HUBBDS,Bond Street,1,HUBBDS-Plat02-EB-central,central,Ealing Broadway,,,,,,,False,True,
HUBBDS,Bond Street,1,HUBBDS-Plat03-NB-jubilee,jubilee,Stanmore,0.0,85.0,,0.0,50.0,,True,False,
HUBBDS,Bond Street,1,HUBBDS-Plat04-SB-jubilee,jubilee,Stratford,,,,,,,False,True,
HUBBDS,Bond Street,1,HUBBDS-PlatA-EB-elizabeth,elizabeth,,,,,,,,True,False,
HUBBDS,Bond Street,1,HUBBDS-PlatB-WB-elizabeth,elizabeth,,,,,,,,True,False,
940GZZLUBOR,Borough,1,940GZZLUBOR-Plat01-NB-northern,northern,Camden Town,0.0,85.0,,0.0,50.0,,True,False,
940GZZLUBOR,Borough,1,940GZZLUBOR-Plat02-SB-northern,northern,,,,,,,,False,False,
940GZZLUBOS,Boston Manor,4,940GZZLUBOS-Plat01-WB-piccadilly,piccadilly,,,,,,,,False,False,
940GZZLUBOS,Boston Manor,4,940GZZLUBOS-Plat02-EB-piccadilly,piccadilly,,,,,,,,False,False,
940GZZLUBSC,Barons Court,2,940GZZLUBSC-Plat01-WB-district,district,,,,77.0,,,247.0,False,False,
940GZZLUBSC,Barons Court,2,940GZZLUBSC-Plat02-WB-piccadilly,piccadilly,,,,23.0,,,88.0,False,False,
940GZZLUBSC,Barons Court,2,940GZZLUBSC-Plat03-EB-piccadilly,piccadilly,,,,50.0,,,156.0,False,False,
940GZZLUBSC,Barons Court,2,940GZZLUBSC-Plat04-EB-district,district,,,,10.0,,,273.0,False,False,
940GZZLUBST,Baker Street,1,940GZZLUBST-Plat01-NB-metropolitan,metropolitan,,,,,,,,False,False,
940GZZLUBST,Baker Street,1,940GZZLUBST-Plat02-NB-metropolitan,metropolitan,,,,,,,,False,False,
940GZZLUBST,Baker Street,1,940GZZLUBST-Plat03-SB-metropolitan,metropolitan,,,,,,,,False,False,
940GZZLUBST,Baker Street,1,940GZZLUBST-Plat04-NB-metropolitan,metropolitan,,,,,,,,False,False,
940GZZLUBST,Baker Street,1,940GZZLUBST-Plat05-EB-circle|hammersmith-city,circle,,,,,,,,False,False,
940GZZLUBST,Baker Street,1,940GZZLUBST-Plat05-EB-circle|hammersmith-city,hammersmith-city,,,,,,,,False,False,
940GZZLUBST,Baker Street,1,940GZZLUBST-Plat06-WB-circle|hammersmith-city,circle,,,,,,,,False,False,
940GZZLUBST,Baker Street,1,940GZZLUBST-Plat06-WB-circle|hammersmith-city,hammersmith-city,,,,,,,,False,False,
940GZZLUBST,Baker Street,1,940GZZLUBST-Plat07-SB-jubilee,jubilee,Westminster,0.0,85.0,,0.0,50.0,,True,False,
940GZZLUBST,Baker Street,1,940GZZLUBST-Plat08-SB-bakerloo,bakerloo,Oxford Circus,,,40.0,,,150.0,False,True,
940GZZLUBST,Baker Street,1,940GZZLUBST-Plat09-NB-bakerloo,bakerloo,Harrow & Wealdstone,,,43.0,,,147.0,False,False,
940GZZLUBST,Baker Street,1,940GZZLUBST-Plat10-NB-jubilee,jubilee,Stanmore,0.0,85.0,,0.0,50.0,,True,False,
940GZZLUBTK,Burnt Oak,4,940GZZLUBTK-Plat01-NB-northern,northern,,,,,,,,False,False,
940GZZLUBTK,Burnt Oak,4,940GZZLUBTK-Plat02-SB-northern,northern,,,,,,,,False,False,
940GZZLUBTX,Brent Cross,3,940GZZLUBTX-Plat01-NB-northern,northern,,,,,,,,False,False,
940GZZLUBTX,Brent Cross,3,940GZZLUBTX-Plat02-SB-northern,northern,,,,,,,,False,False,
940GZZLUBWR,Bow Road,2,940GZZLUBWR-Plat01-WB-district|hammersmith-city,district,,,,,,,,False,False,
940GZZLUBWR,Bow Road,2,940GZZLUBWR-Plat01-WB-district|hammersmith-city,hammersmith-city,,,,,,,,False,False,
940GZZLUBWR,Bow Road,2,940GZZLUBWR-Plat02-EB-district|hammersmith-city,district,,,,,,,,False,False,
940GZZLUBWR,Bow Road,2,940GZZLUBWR-Plat02-EB-district|hammersmith-city,hammersmith-city,,,,,,,,False,False,
940GZZLUBWT,Bayswater,1,940GZZLUBWT-Plat01-WB-circle|district,circle,,,,,,,,False,False,
940GZZLUBWT,Bayswater,1,940GZZLUBWT-Plat01-WB-circle|district,district,,,,,,,,False,False,
940GZZLUBWT,Bayswater,1,940GZZLUBWT-Plat02-EB-circle|district,circle,,,,,,,,False,False,
940GZZLUBWT,Bayswater,1,940GZZLUBWT-Plat02-EB-circle|district,district,,,,,,,,False,False,
940GZZLUBZP,Belsize Park,2,940GZZLUBZP-Plat01-NB-northern,northern,,,,,,,,False,False,
940GZZLUBZP,Belsize Park,2,940GZZLUBZP-Plat02-SB-northern,northern,,,,,,,,False,False,
940GZZLUCAR,Caledonian Road,2,940GZZLUCAR-Plat01-EB-piccadilly,piccadilly,,0.0,85.0,,0.0,50.0,,True,False,
940GZZLUCAR,Caledonian Road,2,940GZZLUCAR-Plat02-WB-piccadilly,piccadilly,,0.0,85.0,,0.0,50.0,,True,False,
940GZZLUCFM,Chalk Farm,2,940GZZLUCFM-Plat01-NB-northern,northern,,,,,,,,False,False,
940GZZLUCFM,Chalk Farm,2,940GZZLUCFM-Plat02-SB-northern,northern,,,,,,,,False,False,
940GZZLUCGN,Covent Garden,1,940GZZLUCGN-Plat01-WB-piccadilly,piccadilly,,,,,,,,False,False,
940GZZLUCGN,Covent Garden,1,940GZZLUCGN-Plat02-EB-piccadilly,piccadilly,,,,,,,,False,False,
940GZZLUCHL,Chancery Lane,1,940GZZLUCHL-Plat01-WB-central,central,,,,,,,,False,False,
940GZZLUCHL,Chancery Lane,1,940GZZLUCHL-Plat02-EB-central,central,,,,,,,,False,False,
940GZZLUCKS,Cockfosters,5,940GZZLUCKS-Plat01-WB-piccadilly,piccadilly,,,,,,,,False,True,
940GZZLUCKS,Cockfosters,5,940GZZLUCKS-Plat02-WB-piccadilly,piccadilly,,,,,,,,False,True,
940GZZLUCKS,Cockfosters,5,940GZZLUCKS-Plat03-WB-piccadilly,piccadilly,,,,,,,,False,True,
940GZZLUCKS,Cockfosters,5,940GZZLUCKS-Plat04-WB-piccadilly,piccadilly,,,,,,,,False,True,
940GZZLUCND,Colindale,4,940GZZLUCND-Plat01-NB-northern,northern,,0.0,85.0,,0.0,50.0,,True,False,
940GZZLUCND,Colindale,4,940GZZLUCND-Plat02-SB-northern,northern,,0.0,85.0,,0.0,50.0,,True,False,
940GZZLUCPC,Clapham Common,2,940GZZLUCPC-Plat01-NB-northern,northern,,,,,,,,False,False,
940GZZLUCPC,Clapham Common,2,940GZZLUCPC-Plat02-SB-northern,northern,,,,,,,,False,False,
940GZZLUCPK,Canons Park,5,940GZZLUCPK-Plat01-NB-jubilee,jubilee,,,,,,,,False,False,
940GZZLUCPK,Canons Park,5,940GZZLUCPK-Plat02-SB-jubilee,jubilee,,,,,,,,False,False,
940GZZLUCPN,Clapham North,2,940GZZLUCPN-Plat01-NB-northern,northern,,,,,,,,False,False,
940GZZLUCPN,Clapham North,2,940GZZLUCPN-Plat02-SB-northern,northern,,,,,,,,False,False,
940GZZLUCPS,Clapham South,2|3,940GZZLUCPS-Plat01-NB-northern,northern,,,,,,,,False,False,
940GZZLUCPS,Clapham South,2|3,940GZZLUCPS-Plat02-SB-northern,northern,,,,,,,,False,False,
940GZZLUCSD,Colliers Wood,3,940GZZLUCSD-Plat01-NB-northern,northern,,,,,,,,False,False,
940GZZLUCSD,Colliers Wood,3,940GZZLUCSD-Plat02-SB-northern,northern,,,,,,,,False,False,
940GZZLUCSM,Chesham,9,940GZZLUCSM-Plat01-SB-metropolitan,metropolitan,Liverpool Street,,,,,,,False,True,
940GZZLUCTN,Camden Town,2,940GZZLUCTN-Plat01-NB-northern,northern,Edgware,0.0,85.0,,0.0,50.0,,True,False,
940GZZLUCTN,Camden Town,2,940GZZLUCTN-Plat02-SB-northern,northern,,,,,,,,False,False,
940GZZLUCTN,Camden Town,2,940GZZLUCTN-Plat03-NB-northern,northern,High Barnet,0.0,85.0,,0.0,50.0,,True,False,
940GZZLUCTN,Camden Town,2,940GZZLUCTN-Plat04-SB-northern,northern,,,,,,,,False,False,
940GZZLUCWL,Chigwell,4,940GZZLUCWL-Plat01-WB-central,central,,,,,,,,False,False,
940GZZLUCWL,Chigwell,4,940GZZLUCWL-Plat02-EB-central,central,,,,,,,,False,False,
940GZZLUCWP,Chiswick Park,3,940GZZLUCWP-Plat01-WB-district,district,,,,,,,,False,False,
940GZZLUCWP,Chiswick Park,3,940GZZLUCWP-Plat02-EB-district,district,,,,,,,,False,False,
940GZZLUCXY,Croxley,7,940GZZLUCXY-Plat01-NB-metropolitan,metropolitan,,,,,,,,False,False,
940GZZLUCXY,Croxley,7,940GZZLUCXY-Plat02-SB-metropolitan,metropolitan,,,,,,,,False,False,
940GZZLUDBN,Debden,6,940GZZLUDBN-Plat01-WB-central,central,,0.0,173.0,,0.0,30.0,,False,True,
940GZZLUDBN,Debden,6,940GZZLUDBN-Plat02-EB-central,central,Epping,0.0,173.0,,0.0,30.0,,False,True,
940GZZLUDGE,Dagenham East,5,940GZZLUDGE-Plat01-WB-district,district,,,,,,,,False,False,
940GZZLUDGE,Dagenham East,5,940GZZLUDGE-Plat02-EB-district,district,,,,,,,,False,False,
940GZZLUDGE,Dagenham East,5,940GZZLUDGE-Plat03-WB-district,district,,,,,,,,False,False,
940GZZLUDGY,Dagenham Heathway,5,940GZZLUDGY-Plat01-WB-district,district,Earl's Court,0.0,85.0,,0.0,50.0,,False,False,
940GZZLUDGY,Dagenham Heathway,5,940GZZLUDGY-Plat02-EB-district,district,Upminster,0.0,85.0,,0.0,50.0,,False,False,
940GZZLUDOH,Dollis Hill,3,940GZZLUDOH-Plat01-NB-jubilee,jubilee,,,,,,,,False,False,
940GZZLUDOH,Dollis Hill,3,940GZZLUDOH-Plat02-SB-jubilee,jubilee,,,,,,,,False,False,
940GZZLUEAE,Eastcote,5,940GZZLUEAE-Plat01-WB-metropolitan|piccadilly,metropolitan,,,,,,,,False,False,
940GZZLUEAE,Eastcote,5,940GZZLUEAE-Plat01-WB-metropolitan|piccadilly,piccadilly,,,,,,,,False,False,
940GZZLUEAE,Eastcote,5,940GZZLUEAE-Plat02-EB-metropolitan|piccadilly,metropolitan,,,,,,,,False,False,
940GZZLUEAE,Eastcote,5,940GZZLUEAE-Plat02-EB-metropolitan|piccadilly,piccadilly,,,,,,,,False,False,
940GZZLUEAN,East Acton,2,940GZZLUEAN-Plat01-WB-central,central,,,,,,,,False,False,
940GZZLUEAN,East Acton,2,940GZZLUEAN-Plat02-EB-central,central,,,,,,,,False,False,
940GZZLUECM,Ealing Common,3,940GZZLUECM-Plat01-WB-district|piccadilly,district,Ealing Broadway,0.0,143.0,,0.0,323.0,,False,True,
940GZZLUECM,Ealing Common,3,940GZZLUECM-Plat01-WB-district|piccadilly,piccadilly,Uxbridge,0.0,161.0,,0.0,178.0,,False,True,
940GZZLUECM,Ealing Common,3,940GZZLUECM-Plat02-EB-district|piccadilly,district,,,,,,,,False,False,
940GZZLUECM,Ealing Common,3,940GZZLUECM-Plat02-EB-district|piccadilly,piccadilly,Oakwood,0.0,122.0,,0.0,136.0,,False,True,
940GZZLUECT,Earl's Court,1|2,940GZZLUECT-Plat01-EB-district,district,Upminster,0.0,85.0,,0.0,50.0,,True,False,
940GZZLUECT,Earl's Court,1|2,940GZZLUECT-Plat02-EB-district,district,Upminster,0.0,85.0,,0.0,50.0,,True,False,
940GZZLUECT,Earl's Court,1|2,940GZZLUECT-Plat03-WB-district,district,"Kensington (Olympia), Wimbledon or Hammersmith",0.0,85.0,,0.0,50.0,,True,False,
940GZZLUECT,Earl's Court,1|2,940GZZLUECT-Plat04-WB-district,district,"Kensington (Olympia), Wimbledon or Hammersmith",0.0,85.0,,0.0,50.0,,True,False,
940GZZLUECT,Earl's Court,1|2,940GZZLUECT-Plat05-EB-piccadilly,piccadilly,Oakwood,0.0,85.0,,0.0,50.0,,True,False,
940GZZLUECT,Earl's Court,1|2,940GZZLUECT-Plat06-WB-piccadilly,piccadilly,Heathrow,0.0,85.0,,0.0,50.0,,True,False,
940GZZLUEFY,East Finchley,3,940GZZLUEFY-Plat01-NB-northern,northern,,,,,,,,False,False,
940GZZLUEFY,East Finchley,3,940GZZLUEFY-Plat02-NB-northern,northern,,,,,,,,False,False,
940GZZLUEFY,East Finchley,3,940GZZLUEFY-Plat03-SB-northern,northern,,,,,,,,False,False,
940GZZLUEFY,East Finchley,3,940GZZLUEFY-Plat04-SB-northern,northern,,,,,,,,False,False,
940GZZLUEGW,Edgware,5,940GZZLUEGW-Plat01-SB-northern,northern,Camden Town,0.0,85.0,,0.0,50.0,,True,False,
940GZZLUEGW,Edgware,5,940GZZLUEGW-Plat02-SB-northern,northern,Camden Town,0.0,85.0,,0.0,50.0,,True,False,
940GZZLUEGW,Edgware,5,940GZZLUEGW-Plat03-SB-northern,northern,Camden Town,0.0,85.0,,0.0,50.0,,True,False,
940GZZLUEHM,East Ham,3|4,940GZZLUEHM-Plat01-WB-district|hammersmith-city,district,Aldgate East,0.0,85.0,,0.0,50.0,,True,False,
940GZZLUEHM,East Ham,3|4,940GZZLUEHM-Plat01-WB-district|hammersmith-city,hammersmith-city,Aldgate East,0.0,85.0,,0.0,50.0,,True,False,
940GZZLUEHM,East Ham,3|4,940GZZLUEHM-Plat02-EB-district|hammersmith-city,district,Barking,0.0,85.0,,0.0,50.0,,True,False,
940GZZLUEHM,East Ham,3|4,940GZZLUEHM-Plat02-EB-district|hammersmith-city,hammersmith-city,Barking,0.0,85.0,,0.0,50.0,,True,False,
940GZZLUEMB,Embankment,1,940GZZLUEMB-Plat01-WB-circle|district,circle,,,,,,,,False,False,
940GZZLUEMB,Embankment,1,940GZZLUEMB-Plat01-WB-circle|district,district,,,,,,,,False,False,
940GZZLUEMB,Embankment,1,940GZZLUEMB-Plat02-EB-circle|district,circle,,,,,,,,False,False,
940GZZLUEMB,Embankment,1,940GZZLUEMB-Plat02-EB-circle|district,district,,,,,,,,False,False,
940GZZLUEMB,Embankment,1,940GZZLUEMB-Plat03-NB-northern,northern,,,,,,,,False,False,
940GZZLUEMB,Embankment,1,940GZZLUEMB-Plat04-SB-northern,northern,,,,,,,,False,False,
940GZZLUEMB,Embankment,1,940GZZLUEMB-Plat05-NB-bakerloo,bakerloo,,,,,,,,False,False,
940GZZLUEMB,Embankment,1,940GZZLUEMB-Plat06-SB-bakerloo,bakerloo,,,,,,,,False,False,
940GZZLUEPG,Epping,6,940GZZLUEPG-Plat01-WB-central,central,Stratford,0.0,212.0,,0.0,25.0,,False,True,"When travelling to Epping, ask staff at your starting station if your train can arrive at platform 2. If you arrive at platform 1, use Help Point to ask staff to open exit if necessary. Use Hillcrest Way for platform 1"
940GZZLUEPG,Epping,6,940GZZLUEPG-Plat02-WB-central,central,Stratford,0.0,212.0,,0.0,25.0,,False,True,"When travelling to Epping, ask staff at your starting station if your train can arrive at platform 2. If you arrive at platform 1, use Help Point to ask staff to open exit if necessary. Use Station Road for platform 2"
940GZZLUEPK,Elm Park,6,940GZZLUEPK-Plat01-WB-district,district,Earl's Court,0.0,85.0,,0.0,50.0,,True,False,
940GZZLUEPK,Elm Park,6,940GZZLUEPK-Plat02-EB-district,district,Upminster,0.0,85.0,,0.0,50.0,,True,False,
940GZZLUEPY,East Putney,2|3,940GZZLUEPY-Plat01-EB-district,district,,,,,,,,False,False,
940GZZLUEPY,East Putney,2|3,940GZZLUEPY-Plat02-WB-district,district,,,,,,,,False,False,
940GZZLUERB,Edgware Road,1,940GZZLUERB-Plat01-NB-bakerloo,bakerloo,,,,,,,,False,False,
940GZZLUERB,Edgware Road,1,940GZZLUERB-Plat02-SB-bakerloo,bakerloo,,,,,,,,False,False,
940GZZLUERC,Edgware Road,1,940GZZLUERC-Plat01-EB-circle|hammersmith-city,circle,Liverpool Street,,,145.0,,,8.0,False,False,
940GZZLUERC,Edgware Road,1,940GZZLUERC-Plat01-EB-circle|hammersmith-city,hammersmith-city,Barking,,,118.0,,,18.0,False,False,
940GZZLUERC,Edgware Road,1,940GZZLUERC-Plat02-WB-circle|district,circle,Earl's Court,,,23.0,,,157.0,False,True,
940GZZLUERC,Edgware Road,1,940GZZLUERC-Plat02-WB-circle|district,district,Earl's Court,,,23.0,,,157.0,False,True,
940GZZLUERC,Edgware Road,1,940GZZLUERC-Plat03-WB-circle|district,circle,Earl's Court,,,23.0,,,157.0,False,True,
940GZZLUERC,Edgware Road,1,940GZZLUERC-Plat03-WB-circle|district,district,Earl's Court,,,23.0,,,157.0,False,True,
940GZZLUERC,Edgware Road,1,940GZZLUERC-Plat04-WB-circle|hammersmith-city,circle,Hammersmith,,,145.0,,,8.0,False,False,
940GZZLUERC,Edgware Road,1,940GZZLUERC-Plat04-WB-circle|hammersmith-city,hammersmith-city,Hammersmith,,,118.0,,,18.0,False,False,
940GZZLUESQ,Euston Square,1,940GZZLUESQ-Plat01-WB-circle|hammersmith-city|metropolitan,circle,Edgware Road,0.0,85.0,,0.0,50.0,,True,False,
940GZZLUESQ,Euston Square,1,940GZZLUESQ-Plat01-WB-circle|hammersmith-city|metropolitan,hammersmith-city,Edgware Road,0.0,85.0,,0.0,50.0,,True,False,
940GZZLUESQ,Euston Square,1,940GZZLUESQ-Plat01-WB-circle|hammersmith-city|metropolitan,metropolitan,Harrow-on-the-Hill,0.0,85.0,,0.0,50.0,,True,False,
940GZZLUESQ,Euston Square,1,940GZZLUESQ-Plat02-EB-circle|hammersmith-city|metropolitan,circle,,,,,,,,False,False,
940GZZLUESQ,Euston Square,1,940GZZLUESQ-Plat02-EB-circle|hammersmith-city|metropolitan,hammersmith-city,,,,,,,,False,False,
940GZZLUESQ,Euston Square,1,940GZZLUESQ-Plat02-EB-circle|hammersmith-city|metropolitan,metropolitan,,,,,,,,False,False,
940GZZLUFBY,Fulham Broadway,2,940GZZLUFBY-Plat01-WB-district,district,Wimbledon,0.0,85.0,,0.0,50.0,,False,False,
940GZZLUFBY,Fulham Broadway,2,940GZZLUFBY-Plat02-EB-district,district,Earl's Court,0.0,85.0,,0.0,50.0,,False,False,
940GZZLUFLP,Fairlop,4,940GZZLUFLP-Plat01-WB-central,central,,,,,,,,False,False,
940GZZLUFLP,Fairlop,4,940GZZLUFLP-Plat02-EB-central,central,,,,,,,,False,False,
940GZZLUFYC,Finchley Central,4,940GZZLUFYC-Plat01-NB-northern,northern,High Barnet,0.0,85.0,,0.0,50.0,,True,False,
940GZZLUFYC,Finchley Central,4,940GZZLUFYC-Plat02-NB-northern,northern,High Barnet,0.0,85.0,,0.0,50.0,,True,False,
940GZZLUFYC,Finchley Central,4,940GZZLUFYC-Plat03-SB-northern,northern,Camden Town,0.0,85.0,,0.0,50.0,,True,False,
940GZZLUFYR,Finchley Road,2,940GZZLUFYR-Plat01-NB-metropolitan,metropolitan,"Amersham, Chesham and Uxbridge",,,199.0,,,5.0,False,False,
940GZZLUFYR,Finchley Road,2,940GZZLUFYR-Plat02-NB-jubilee,jubilee,Stanmore,0.0,100.0,,0.0,140.0,,False,True,
940GZZLUFYR,Finchley Road,2,940GZZLUFYR-Plat03-SB-jubilee,jubilee,Stratford,0.0,120.0,,0.0,163.0,,False,True,
940GZZLUFYR,Finchley Road,2,940GZZLUFYR-Plat04-SB-metropolitan,metropolitan,Liverpool Street,0.0,116.0,,0.0,1.0,,False,True,
940GZZLUGDG,Goodge Street,1,940GZZLUGDG-Plat01-NB-northern,northern,,,,,,,,False,False,
940GZZLUGDG,Goodge Street,1,940GZZLUGDG-Plat02-SB-northern,northern,,,,,,,,False,False,
940GZZLUGGH,Grange Hill,4,940GZZLUGGH-Plat01-WB-central,central,,,,,,,,False,False,
940GZZLUGGH,Grange Hill,4,940GZZLUGGH-Plat02-EB-central,central,,,,,,,,False,False,
940GZZLUGGN,Golders Green,3,940GZZLUGGN-Plat01-NB-northern,northern,Hendon Central,5.0,37.0,,113.0,150.0,,False,True,
940GZZLUGGN,Golders Green,3,940GZZLUGGN-Plat02-NB-northern,northern,Hendon Central,5.0,37.0,,113.0,150.0,,False,True,
940GZZLUGGN,Golders Green,3,940GZZLUGGN-Plat03-NB-northern,northern,Hendon Central,5.0,37.0,,113.0,150.0,,False,True,
940GZZLUGGN,Golders Green,3,940GZZLUGGN-Plat04-SB-northern,northern,Camden Town,43.0,57.0,,0.0,137.0,,False,True,
940GZZLUGGN,Golders Green,3,940GZZLUGGN-Plat05-SB-northern,northern,Camden Town,43.0,57.0,,0.0,137.0,,False,True,
940GZZLUGHK,Goldhawk Road,2,940GZZLUGHK-Plat01-EB-circle|hammersmith-city,circle,,,,,,,,False,False,
940GZZLUGHK,Goldhawk Road,2,940GZZLUGHK-Plat01-EB-circle|hammersmith-city,hammersmith-city,,,,,,,,False,False,
940GZZLUGHK,Goldhawk Road,2,940GZZLUGHK-Plat02-WB-circle|hammersmith-city,circle,,,,,,,,False,False,
940GZZLUGHK,Goldhawk Road,2,940GZZLUGHK-Plat02-WB-circle|hammersmith-city,hammersmith-city,,,,,,,,False,False,
940GZZLUGPK,Green Park,1,940GZZLUGPK-Plat01-WB-piccadilly,piccadilly,Heathrow,0.0,85.0,,0.0,50.0,,True,False,
940GZZLUGPK,Green Park,1,940GZZLUGPK-Plat02-EB-piccadilly,piccadilly,Oakwood,0.0,85.0,,0.0,50.0,,True,False,
940GZZLUGPK,Green Park,1,940GZZLUGPK-Plat03-NB-victoria,victoria,Tottenham Hale,0.0,85.0,,0.0,50.0,,True,False,
940GZZLUGPK,Green Park,1,940GZZLUGPK-Plat04-SB-victoria,victoria,Brixton,0.0,85.0,,0.0,50.0,,True,False,
940GZZLUGPK,Green Park,1,940GZZLUGPK-Plat05-NB-jubilee,jubilee,Stanmore,0.0,85.0,,0.0,50.0,,True,False,
940GZZLUGPK,Green Park,1,940GZZLUGPK-Plat06-SB-jubilee,jubilee,Stratford,0.0,85.0,,0.0,50.0,,True,False,
940GZZLUGPS,Great Portland Street,1,940GZZLUGPS-Plat01-WB-circle|hammersmith-city|metropolitan,circle,,,,,,,,False,False,
940GZZLUGPS,Great Portland Street,1,940GZZLUGPS-Plat01-WB-circle|hammersmith-city|metropolitan,hammersmith-city,,,,,,,,False,False,
940GZZLUGPS,Great Portland Street,1,940GZZLUGPS-Plat01-WB-circle|hammersmith-city|metropolitan,metropolitan,,,,,,,,False,False,
940GZZLUGPS,Great Portland Street,1,940GZZLUGPS-Plat02-EB-circle|hammersmith-city|metropolitan,circle,,,,,,,,False,False,
940GZZLUGPS,Great Portland Street,1,940GZZLUGPS-Plat02-EB-circle|hammersmith-city|metropolitan,hammersmith-city,,,,,,,,False,False,
940GZZLUGPS,Great Portland Street,1,940GZZLUGPS-Plat02-EB-circle|hammersmith-city|metropolitan,metropolitan,,,,,,,,False,False,
940GZZLUGTH,Gants Hill,4,940GZZLUGTH-Plat01-WB-central,central,,,,,,,,False,False,
940GZZLUGTH,Gants Hill,4,940GZZLUGTH-Plat02-EB-central,central,,,,,,,,False,False,
940GZZLUGTR,Gloucester Road,1,940GZZLUGTR-Plat01-WB-district,district,,,,,,,,False,False,
940GZZLUGTR,Gloucester Road,1,940GZZLUGTR-Plat02-WB-circle,circle,,,,,,,,False,False,
940GZZLUGTR,Gloucester Road,1,940GZZLUGTR-Plat03-EB-circle|district,circle,,,,,,,,False,False,
940GZZLUGTR,Gloucester Road,1,940GZZLUGTR-Plat03-EB-circle|district,district,,,,,,,,False,False,
940GZZLUGTR,Gloucester Road,1,940GZZLUGTR-Plat04-WB-piccadilly,piccadilly,,,,,,,,False,False,
940GZZLUGTR,Gloucester Road,1,940GZZLUGTR-Plat05-EB-piccadilly,piccadilly,,,,,,,,False,False,
940GZZLUHBN,Holborn,1,940GZZLUHBN-Plat01-WB-central,central,,,,,,,,False,False,
940GZZLUHBN,Holborn,1,940GZZLUHBN-Plat02-EB-central,central,,,,,,,,False,False,
940GZZLUHBN,Holborn,1,940GZZLUHBN-Plat03-WB-piccadilly,piccadilly,,,,,,,,False,False,
940GZZLUHBN,Holborn,1,940GZZLUHBN-Plat04-EB-piccadilly,piccadilly,,,,,,,,False,False,
940GZZLUHBT,High Barnet,5,940GZZLUHBT-Plat01-SB-northern,northern,Camden Town,0.0,85.0,,0.0,50.0,,False,False,
940GZZLUHBT,High Barnet,5,940GZZLUHBT-Plat02-SB-northern,northern,Camden Town,0.0,85.0,,0.0,50.0,,False,False,
940GZZLUHBT,High Barnet,5,940GZZLUHBT-Plat03-SB-northern,northern,Camden Town,0.0,85.0,,0.0,50.0,,False,False,
940GZZLUHCH,Hornchurch,6,940GZZLUHCH-Plat01-WB-district,district,,,,,,,,False,False,
940GZZLUHCH,Hornchurch,6,940GZZLUHCH-Plat02-EB-district,district,,,,,,,,False,False,
940GZZLUHCL,Hendon Central,3|4,940GZZLUHCL-Plat01-NB-northern,northern,Edgware,0.0,85.0,,0.0,50.0,,True,False,
940GZZLUHCL,Hendon Central,3|4,940GZZLUHCL-Plat02-SB-northern,northern,Camden Town,0.0,85.0,,0.0,50.0,,True,False,
940GZZLUHGD,Hillingdon,6,940GZZLUHGD-Plat01-WB-metropolitan|piccadilly,metropolitan,Uxbridge,0.0,73.0,,0.0,110.0,,False,True,
940GZZLUHGD,Hillingdon,6,940GZZLUHGD-Plat01-WB-metropolitan|piccadilly,piccadilly,Uxbridge,0.0,83.0,,0.0,177.0,,False,True,
940GZZLUHGD,Hillingdon,6,940GZZLUHGD-Plat02-EB-metropolitan|piccadilly,metropolitan,Liverpool Street,0.0,86.0,,0.0,118.0,,False,True,
940GZZLUHGD,Hillingdon,6,940GZZLUHGD-Plat02-EB-metropolitan|piccadilly,piccadilly,Oakwood,0.0,87.0,,0.0,183.0,,False,True,
940GZZLUHGR,Hanger Lane,3,940GZZLUHGR-Plat01-WB-central,central,,,,,,,,False,False,
940GZZLUHGR,Hanger Lane,3,940GZZLUHGR-Plat02-EB-central,central,,,,,,,,False,False,
940GZZLUHGT,Highgate,3,940GZZLUHGT-Plat01-NB-northern,northern,,,,,,,,False,False,
940GZZLUHGT,Highgate,3,940GZZLUHGT-Plat02-SB-northern,northern,,,,,,,,False,False,
940GZZLUHLT,Hainault,4,940GZZLUHLT-Plat01-WB-central,central,Roding Valley,0.0,157.0,,0.0,117.0,,False,True,
940GZZLUHLT,Hainault,4,940GZZLUHLT-Plat02-WB-central,central,Barkingside,0.0,203.0,,0.0,87.0,,False,True,
940GZZLUHLT,Hainault,4,940GZZLUHLT-Plat03-WB-central,central,Barkingside,0.0,203.0,,0.0,87.0,,False,True,
940GZZLUHNX,Hatton Cross,5|6,940GZZLUHNX-Plat01-WB-piccadilly,piccadilly,,,,,,,,False,False,
940GZZLUHNX,Hatton Cross,5|6,940GZZLUHNX-Plat02-EB-piccadilly,piccadilly,,,,,,,,False,False,
940GZZLUHPC,Hyde Park Corner,1,940GZZLUHPC-Plat01-EB-piccadilly,piccadilly,,,,,,,,False,False,
940GZZLUHPC,Hyde Park Corner,1,940GZZLUHPC-Plat02-WB-piccadilly,piccadilly,,,,,,,,False,False,
940GZZLUHPK,Holland Park,2,940GZZLUHPK-Plat01-WB-central,central,,,,,,,,False,False,
940GZZLUHPK,Holland Park,2,940GZZLUHPK-Plat02-EB-central,central,,,,,,,,False,False,
940GZZLUHSK,High Street Kensington,1,940GZZLUHSK-Plat01-WB-circle|district,circle,,,,,,,,False,False,
940GZZLUHSK,High Street Kensington,1,940GZZLUHSK-Plat01-WB-circle|district,district,,,,,,,,False,False,
940GZZLUHSK,High Street Kensington,1,940GZZLUHSK-Plat02-EB-circle|district,circle,,,,,,,,False,False,
940GZZLUHSK,High Street Kensington,1,940GZZLUHSK-Plat02-EB-circle|district,district,,,,,,,,False,False,
940GZZLUHSK,High Street Kensington,1,940GZZLUHSK-Plat03-WB-circle|district,circle,,,,,,,,False,False,
940GZZLUHSK,High Street Kensington,1,940GZZLUHSK-Plat03-WB-circle|district,district,,,,,,,,False,False,
940GZZLUHSK,High Street Kensington,1,940GZZLUHSK-Plat04-WB-circle|district,circle,,,,,,,,False,False,
940GZZLUHSK,High Street Kensington,1,940GZZLUHSK-Plat04-WB-circle|district,district,,,,,,,,False,False,
940GZZLUHTD,Hampstead,2|3,940GZZLUHTD-Plat01-NB-northern,northern,,,,,,,,False,False,
940GZZLUHTD,Hampstead,2|3,940GZZLUHTD-Plat02-SB-northern,northern,,,,,,,,False,False,
940GZZLUHWC,Hounslow Central,4,940GZZLUHWC-Plat01-WB-piccadilly,piccadilly,,,,,,,,False,False,
940GZZLUHWC,Hounslow Central,4,940GZZLUHWC-Plat02-EB-piccadilly,piccadilly,,,,,,,,False,False,
940GZZLUHWE,Hounslow East,4,940GZZLUHWE-Plat01-WB-piccadilly,piccadilly,Heathrow,0.0,71.0,,0.0,107.0,,False,True,
940GZZLUHWE,Hounslow East,4,940GZZLUHWE-Plat02-EB-piccadilly,piccadilly,Oakwood,0.0,71.0,,0.0,107.0,,False,True,
940GZZLUHWT,Hounslow West,5,940GZZLUHWT-Plat01-WB-piccadilly,piccadilly,Heathrow,0.0,85.0,,0.0,50.0,,True,False,Entrance / exit via stairlift for manual wheelchair users only. The maximum operating weight of the stairlift is 225kg
940GZZLUHWT,Hounslow West,5,940GZZLUHWT-Plat02-EB-piccadilly,piccadilly,Oakwood,0.0,85.0,,0.0,50.0,,True,False,Entrance / exit via stairlift for manual wheelchair users only. The maximum operating weight of the stairlift is 225kg
940GZZLUHWY,Holloway Road,2,940GZZLUHWY-Plat01-WB-piccadilly,piccadilly,,,,,,,,False,False,
940GZZLUHWY,Holloway Road,2,940GZZLUHWY-Plat02-EB-piccadilly,piccadilly,,,,,,,,False,False,
940GZZLUICK,Ickenham,6,940GZZLUICK-Plat01-WB-metropolitan|piccadilly,metropolitan,,,,,,,,False,True,
940GZZLUICK,Ickenham,6,940GZZLUICK-Plat01-WB-metropolitan|piccadilly,piccadilly,,,,,,,,False,True,
940GZZLUICK,Ickenham,6,940GZZLUICK-Plat02-EB-metropolitan|piccadilly,metropolitan,,,,,,,,False,True,
940GZZLUICK,Ickenham,6,940GZZLUICK-Plat02-EB-metropolitan|piccadilly,piccadilly,,,,,,,,False,True,
940GZZLUKBN,Kilburn,2,940GZZLUKBN-Plat01-NB-jubilee,jubilee,Stanmore,0.0,77.0,,0.0,140.0,,False,True,
940GZZLUKBN,Kilburn,2,940GZZLUKBN-Plat02-SB-jubilee,jubilee,Stratford,0.0,80.0,,0.0,127.0,,False,True,
940GZZLUKBY,Kingsbury,4,940GZZLUKBY-Plat01-NB-jubilee,jubilee,Stanmore,0.0,85.0,,0.0,50.0,,True,False,
940GZZLUKBY,Kingsbury,4,940GZZLUKBY-Plat02-SB-jubilee,jubilee,Stratford,0.0,85.0,,0.0,50.0,,True,False,
940GZZLUKNB,Knightsbridge,1,940GZZLUKNB-Plat01-EB-piccadilly,piccadilly,,,,,,,,False,True,
940GZZLUKNB,Knightsbridge,1,940GZZLUKNB-Plat02-WB-piccadilly,piccadilly,,,,,,,,False,True,
940GZZLUKNG,Kennington,1|2,940GZZLUKNG-Plat01-NB-northern,northern,Bank,0.0,85.0,,0.0,50.0,,True,False,
940GZZLUKNG,Kennington,1|2,940GZZLUKNG-Plat02-SB-northern,northern,Morden,0.0,85.0,,51.0,120.0,,True,False,
940GZZLUKNG,Kennington,1|2,940GZZLUKNG-Plat03-NB-northern,northern,Charing Cross,0.0,85.0,,0.0,50.0,,True,False,
940GZZLUKNG,Kennington,1|2,940GZZLUKNG-Plat04-SB-northern,northern,Morden,0.0,85.0,,51.0,120.0,,True,False,
940GZZLUKPK,Kilburn Park,2,940GZZLUKPK-Plat01-NB-bakerloo,bakerloo,,,,,,,,False,False,
940GZZLUKPK,Kilburn Park,2,940GZZLUKPK-Plat02-SB-bakerloo,bakerloo,,,,,,,,False,False,
940GZZLULAD,Ladbroke Grove,2,940GZZLULAD-Plat01-EB-circle|hammersmith-city,circle,,,,,,,,False,False,
940GZZLULAD,Ladbroke Grove,2,940GZZLULAD-Plat01-EB-circle|hammersmith-city,hammersmith-city,,,,,,,,False,False,
940GZZLULAD,Ladbroke Grove,2,940GZZLULAD-Plat02-WB-circle|hammersmith-city,circle,,,,,,,,False,False,
940GZZLULAD,Ladbroke Grove,2,940GZZLULAD-Plat02-WB-circle|hammersmith-city,hammersmith-city,,,,,,,,False,False,
940GZZLULBN,Lambeth North,1,940GZZLULBN-Plat01-NB-bakerloo,bakerloo,,,,,,,,False,False,
940GZZLULBN,Lambeth North,1,940GZZLULBN-Plat02-SB-bakerloo,bakerloo,,,,,,,,False,False,
940GZZLULGN,Loughton,6,940GZZLULGN-Plat01-WB-central,central,,,,,,,,False,False,
940GZZLULGN,Loughton,6,940GZZLULGN-Plat02-WB-central,central,,,,,,,,False,False,
940GZZLULGN,Loughton,6,940GZZLULGN-Plat03-WB-central,central,,,,,,,,False,False,
940GZZLULGN,Loughton,6,940GZZLULGN-Plat04-EB-central,central,,,,,,,,False,False,
940GZZLULGT,Lancaster Gate,1,940GZZLULGT-Plat01-WB-central,central,,,,,,,,False,False,
940GZZLULGT,Lancaster Gate,1,940GZZLULGT-Plat02-EB-central,central,,,,,,,,False,False,
940GZZLULRD,Latimer Road,2,940GZZLULRD-Plat01-EB-circle|hammersmith-city,circle,,,,,,,,False,False,
940GZZLULRD,Latimer Road,2,940GZZLULRD-Plat01-EB-circle|hammersmith-city,hammersmith-city,,,,,,,,False,False,
940GZZLULRD,Latimer Road,2,940GZZLULRD-Plat02-WB-circle|hammersmith-city,circle,,,,,,,,False,False,
940GZZLULRD,Latimer Road,2,940GZZLULRD-Plat02-WB-circle|hammersmith-city,hammersmith-city,,,,,,,,False,False,
940GZZLULSQ,Leicester Square,1,940GZZLULSQ-Plat01-WB-piccadilly,piccadilly,,,,,,,,False,False,
940GZZLULSQ,Leicester Square,1,940GZZLULSQ-Plat02-EB-piccadilly,piccadilly,,,,,,,,False,False,
940GZZLULSQ,Leicester Square,1,940GZZLULSQ-Plat03-SB-northern,northern,,,,,,,,False,False,
940GZZLULSQ,Leicester Square,1,940GZZLULSQ-Plat04-NB-northern,northern,,,,,,,,False,False,
940GZZLULYN,Leyton,3,940GZZLULYN-Plat01-WB-central,central,,,,,,,,False,False,
940GZZLULYN,Leyton,3,940GZZLULYN-Plat02-EB-central,central,,,,,,,,False,False,
940GZZLULYS,Leytonstone,3|4,940GZZLULYS-Plat01-WB-central,central,,,,,,,,False,False,
940GZZLULYS,Leytonstone,3|4,940GZZLULYS-Plat02-WB-central,central,,,,,,,,False,False,
940GZZLULYS,Leytonstone,3|4,940GZZLULYS-Plat03-EB-central,central,,,,,,,,False,False,
940GZZLUMBA,Marble Arch,1,940GZZLUMBA-Plat01-WB-central,central,,,,,,,,False,False,
940GZZLUMBA,Marble Arch,1,940GZZLUMBA-Plat02-EB-central,central,,,,,,,,False,False,
940GZZLUMDN,Morden,4,940GZZLUMDN-Plat01-NB-northern,northern,Bank and Charing Cross,0.0,85.0,,0.0,50.0,,True,False,
940GZZLUMDN,Morden,4,940GZZLUMDN-Plat02-NB-northern,northern,Bank and Charing Cross,0.0,85.0,,0.0,50.0,,True,False,
940GZZLUMDN,Morden,4,940GZZLUMDN-Plat03-NB-northern,northern,Bank and Charing Cross,0.0,85.0,,0.0,50.0,,True,False,
940GZZLUMDN,Morden,4,940GZZLUMDN-Plat04-NB-northern,northern,Bank and Charing Cross,0.0,85.0,,0.0,50.0,,True,False,
940GZZLUMDN,Morden,4,940GZZLUMDN-Plat05-NB-northern,northern,Bank and Charing Cross,0.0,85.0,,0.0,50.0,,True,False,
940GZZLUMED,Mile End,2,940GZZLUMED-Plat01-WB-central,central,Barkingside,0.0,43.0,,0.0,227.0,,False,True,
940GZZLUMED,Mile End,2,940GZZLUMED-Plat02-WB-district|hammersmith-city,district,Earl's Court,0.0,85.0,,0.0,50.0,,True,False,
940GZZLUMED,Mile End,2,940GZZLUMED-Plat02-WB-district|hammersmith-city,hammersmith-city,Hammersmith,0.0,85.0,,0.0,50.0,,True,False,
940GZZLUMED,Mile End,2,940GZZLUMED-Plat03-EB-district|hammersmith-city,district,Upminster,0.0,85.0,,0.0,50.0,,True,False,
940GZZLUMED,Mile End,2,940GZZLUMED-Plat03-EB-district|hammersmith-city,hammersmith-city,Barking,0.0,85.0,,0.0,50.0,,True,False,
940GZZLUMED,Mile End,2,940GZZLUMED-Plat04-EB-central,central,Woodford,0.0,43.0,,0.0,223.0,,False,True,
940GZZLUMHL,Mill Hill East,4,940GZZLUMHL-Plat01-SB-northern,northern,Camden Town,,,,,,,False,True,
940GZZLUMMT,Monument,1,940GZZLUMMT-Plat01-WB-circle|district,circle,,,,,,,,False,False,
940GZZLUMMT,Monument,1,940GZZLUMMT-Plat01-WB-circle|district,district,,,,,,,,False,False,
940GZZLUMMT,Monument,1,940GZZLUMMT-Plat02-EB-circle|district,circle,,,,,,,,False,False,
940GZZLUMMT,Monument,1,940GZZLUMMT-Plat02-EB-circle|district,district,,,,,,,,False,False,
940GZZLUMPK,Moor Park,6|7,940GZZLUMPK-Plat01-NB-metropolitan,metropolitan,,,,,,,,False,False,
940GZZLUMPK,Moor Park,6|7,940GZZLUMPK-Plat02-SB-metropolitan,metropolitan,,,,,,,,False,False,
940GZZLUMPK,Moor Park,6|7,940GZZLUMPK-Plat03-NB-metropolitan,metropolitan,,,,,,,,False,False,
940GZZLUMPK,Moor Park,6|7,940GZZLUMPK-Plat04-SB-metropolitan,metropolitan,,,,,,,,False,False,
940GZZLUMRH,Manor House,2|3,940GZZLUMRH-Plat01-EB-piccadilly,piccadilly,,,,,,,,False,False,
940GZZLUMRH,Manor House,2|3,940GZZLUMRH-Plat02-WB-piccadilly,piccadilly,,,,,,,,False,False,
940GZZLUMSH,Mansion House,1,940GZZLUMSH-Plat01-WB-circle|district,circle,,,,,,,,False,False,
940GZZLUMSH,Mansion House,1,940GZZLUMSH-Plat01-WB-circle|district,district,,,,,,,,False,False,
940GZZLUMSH,Mansion House,1,940GZZLUMSH-Plat03-EB-circle|district,circle,,,,,,,,False,False,
940GZZLUMSH,Mansion House,1,940GZZLUMSH-Plat03-EB-circle|district,district,,,,,,,,False,False,
940GZZLUMTC,Mornington Crescent,2,940GZZLUMTC-Plat01-NB-northern,northern,,,,,,,,False,False,
940GZZLUMTC,Mornington Crescent,2,940GZZLUMTC-Plat02-SB-northern,northern,,,,,,,,False,False,
940GZZLUMVL,Maida Vale,2,940GZZLUMVL-Plat01-NB-bakerloo,bakerloo,,,,,,,,False,False,
940GZZLUMVL,Maida Vale,2,940GZZLUMVL-Plat02-SB-bakerloo,bakerloo,,,,,,,,False,False,
940GZZLUNAN,North Acton,2|3,940GZZLUNAN-Plat01-WB-central,central,,,,,,,,False,False,
940GZZLUNAN,North Acton,2|3,940GZZLUNAN-Plat02-EB-central,central,,,,,,,,False,False,
940GZZLUNAN,North Acton,2|3,940GZZLUNAN-Plat03-EB-central,central,,,,,,,,False,False,
940GZZLUNBP,Newbury Park,4,940GZZLUNBP-Plat01-WB-central,central,Ealing Broadway,,,,,,,False,True,
940GZZLUNBP,Newbury Park,4,940GZZLUNBP-Plat02-EB-central,central,Hainault,,,,,,,False,True,
940GZZLUNDN,Neasden,3,940GZZLUNDN-Plat02-NB-jubilee,jubilee,,,,,,,,False,False,
940GZZLUNDN,Neasden,3,940GZZLUNDN-Plat03-SB-jubilee,jubilee,,,,,,,,False,False,
940GZZLUNEN,North Ealing,3,940GZZLUNEN-Plat01-WB-piccadilly,piccadilly,,,,,,,,False,False,
940GZZLUNEN,North Ealing,3,940GZZLUNEN-Plat02-EB-piccadilly,piccadilly,,,,,,,,False,False,
940GZZLUNFD,Northfields,3,940GZZLUNFD-Plat01-WB-piccadilly,piccadilly,,,,,,,,False,False,
940GZZLUNFD,Northfields,3,940GZZLUNFD-Plat02-WB-piccadilly,piccadilly,,,,,,,,False,False,
940GZZLUNFD,Northfields,3,940GZZLUNFD-Plat03-EB-piccadilly,piccadilly,,,,,,,,False,False,
940GZZLUNFD,Northfields,3,940GZZLUNFD-Plat04-EB-piccadilly,piccadilly,,,,,,,,False,False,
940GZZLUNGW,North Greenwich,2|3,940GZZLUNGW-Plat01-WB-jubilee,jubilee,Stanmore,0.0,85.0,,0.0,50.0,,False,False,"For level access leaving the train at Green Park or Wembley Park, please travel in the correct carriage. "
940GZZLUNGW,North Greenwich,2|3,940GZZLUNGW-Plat02-WB-jubilee,jubilee,Stanmore,0.0,85.0,,0.0,50.0,,False,False,"For level access leaving the train at Green Park or Wembley Park, please travel in the correct carriage. "
940GZZLUNGW,North Greenwich,2|3,940GZZLUNGW-Plat03-EB-jubilee,jubilee,Stratford,0.0,85.0,,0.0,50.0,,False,False,
940GZZLUNHA,North Harrow,5,940GZZLUNHA-Plat01-NB-metropolitan,metropolitan,,,,,,,,False,False,
940GZZLUNHA,North Harrow,5,940GZZLUNHA-Plat02-SB-metropolitan,metropolitan,,,,,,,,False,False,
940GZZLUNHG,Notting Hill Gate,1|2,940GZZLUNHG-Plat01-WB-circle|district,circle,,,,,,,,False,False,
940GZZLUNHG,Notting Hill Gate,1|2,940GZZLUNHG-Plat01-WB-circle|district,district,,,,,,,,False,False,
940GZZLUNHG,Notting Hill Gate,1|2,940GZZLUNHG-Plat02-EB-circle|district,circle,,,,,,,,False,False,
940GZZLUNHG,Notting Hill Gate,1|2,940GZZLUNHG-Plat02-EB-circle|district,district,,,,,,,,False,False,
940GZZLUNHG,Notting Hill Gate,1|2,940GZZLUNHG-Plat03-EB-central,central,,,,,,,,False,False,
940GZZLUNHG,Notting Hill Gate,1|2,940GZZLUNHG-Plat04-WB-central,central,,,,,,,,False,False,
940GZZLUNHT,Northolt,5,940GZZLUNHT-Plat01-WB-central,central,,,,,,,,False,False,
940GZZLUNHT,Northolt,5,940GZZLUNHT-Plat02-EB-central,central,,,,,,,,False,False,
940GZZLUNKP,Northwick Park,4,940GZZLUNKP-Plat01-NB-metropolitan,metropolitan,Harrow-on-the-Hill,86.0,180.0,163.0,0.0,50.0,28.0,False,False,Use the interchange at this station to change between trains on the Uxbridge branch and trains towards Pinner. At peak times another change may be needed at Harrow-on-the-hill for trains toward Amersham/Chesham.
940GZZLUNKP,Northwick Park,4,940GZZLUNKP-Plat02-SB-metropolitan,metropolitan,Liverpool Street,86.0,180.0,90.0,0.0,50.0,29.0,False,False,
940GZZLUNOW,Northwood,6,940GZZLUNOW-Plat01-NB-metropolitan,metropolitan,,,,,,,,False,False,
940GZZLUNOW,Northwood,6,940GZZLUNOW-Plat02-SB-metropolitan,metropolitan,,,,,,,,False,False,
940GZZLUNWH,Northwood Hills,6,940GZZLUNWH-Plat01-NB-metropolitan,metropolitan,,,,,,,,False,False,
940GZZLUNWH,Northwood Hills,6,940GZZLUNWH-Plat02-SB-metropolitan,metropolitan,,,,,,,,False,False,
940GZZLUOAK,Oakwood,5,940GZZLUOAK-Plat01-WB-piccadilly,piccadilly,Heathrow,0.0,85.0,,0.0,50.0,,True,False,
940GZZLUOAK,Oakwood,5,940GZZLUOAK-Plat02-EB-piccadilly,piccadilly,Oakwood,0.0,85.0,,0.0,50.0,,True,False,
940GZZLUOSY,Osterley,4,940GZZLUOSY-Plat01-WB-piccadilly,piccadilly,,,,,,,,False,True,
940GZZLUOSY,Osterley,4,940GZZLUOSY-Plat02-EB-piccadilly,piccadilly,,,,,,,,False,True,
940GZZLUOVL,Oval,2,940GZZLUOVL-Plat01-NB-northern,northern,,,,,,,,False,False,
940GZZLUOVL,Oval,2,940GZZLUOVL-Plat02-SB-northern,northern,,,,,,,,False,False,
940GZZLUOXC,Oxford Circus,1,940GZZLUOXC-Plat01-WB-central,central,,,,,,,,False,False,
940GZZLUOXC,Oxford Circus,1,940GZZLUOXC-Plat02-EB-central,central,,,,,,,,False,False,
940GZZLUOXC,Oxford Circus,1,940GZZLUOXC-Plat03-SB-bakerloo,bakerloo,Oxford Circus,,,,,,,False,True,
940GZZLUOXC,Oxford Circus,1,940GZZLUOXC-Plat04-NB-bakerloo,bakerloo,Harrow & Wealdstone,,,,,,,False,True,
940GZZLUOXC,Oxford Circus,1,940GZZLUOXC-Plat05-SB-victoria,victoria,Brixton,0.0,85.0,,0.0,50.0,,True,False,
940GZZLUOXC,Oxford Circus,1,940GZZLUOXC-Plat06-NB-victoria,victoria,Tottenham Hale,0.0,85.0,,0.0,50.0,,True,False,
940GZZLUPCC,Piccadilly Circus,1,940GZZLUPCC-Plat01-NB-bakerloo,bakerloo,,,,,,,,False,False,
940GZZLUPCC,Piccadilly Circus,1,940GZZLUPCC-Plat02-SB-bakerloo,bakerloo,,,,,,,,False,False,
940GZZLUPCC,Piccadilly Circus,1,940GZZLUPCC-Plat03-EB-piccadilly,piccadilly,,,,,,,,False,False,
940GZZLUPCC,Piccadilly Circus,1,940GZZLUPCC-Plat04-WB-piccadilly,piccadilly,,,,,,,,False,False,
940GZZLUPCO,Pimlico,1,940GZZLUPCO-Plat01-NB-victoria,victoria,,,,,,,,False,False,
940GZZLUPCO,Pimlico,1,940GZZLUPCO-Plat02-SB-victoria,victoria,,,,,,,,False,False,
940GZZLUPKR,Park Royal,3,940GZZLUPKR-Plat01-WB-piccadilly,piccadilly,,,,,,,,False,False,
940GZZLUPKR,Park Royal,3,940GZZLUPKR-Plat02-EB-piccadilly,piccadilly,,,,,,,,False,False,
940GZZLUPLW,Plaistow,3,940GZZLUPLW-Plat01-WB-district|hammersmith-city,district,,,,,,,,False,False,
940GZZLUPLW,Plaistow,3,940GZZLUPLW-Plat01-WB-district|hammersmith-city,hammersmith-city,,,,,,,,False,False,
940GZZLUPLW,Plaistow,3,940GZZLUPLW-Plat02-EB-district|hammersmith-city,district,,,,,,,,False,False,
940GZZLUPLW,Plaistow,3,940GZZLUPLW-Plat02-EB-district|hammersmith-city,hammersmith-city,,,,,,,,False,False,
940GZZLUPLW,Plaistow,3,940GZZLUPLW-Plat03-WB-district|hammersmith-city,district,,,,,,,,False,False,
940GZZLUPLW,Plaistow,3,940GZZLUPLW-Plat03-WB-district|hammersmith-city,hammersmith-city,,,,,,,,False,False,
940GZZLUPNR,Pinner,5,940GZZLUPNR-Plat01-NB-metropolitan,metropolitan,"Amersham, Chesham and Uxbridge",0.0,85.0,,0.0,50.0,,True,False,
940GZZLUPNR,Pinner,5,940GZZLUPNR-Plat02-SB-metropolitan,metropolitan,Liverpool Street,0.0,85.0,,0.0,50.0,,True,False,
940GZZLUPRD,Preston Road,4,940GZZLUPRD-Plat01-NB-metropolitan,metropolitan,,,,,,,,False,False,
940GZZLUPRD,Preston Road,4,940GZZLUPRD-Plat02-SB-metropolitan,metropolitan,,,,,,,,False,False,
940GZZLUPSG,Parsons Green,2,940GZZLUPSG-Plat01-WB-district,district,,,,,,,,False,False,
940GZZLUPSG,Parsons Green,2,940GZZLUPSG-Plat02-EB-district,district,,,,,,,,False,False,
940GZZLUPVL,Perivale,4,940GZZLUPVL-Plat01-WB-central,central,,,,,,,,False,False,
940GZZLUPVL,Perivale,4,940GZZLUPVL-Plat02-EB-central,central,,,,,,,,False,False,
940GZZLUPYB,Putney Bridge,2,940GZZLUPYB-Plat01-EB-district,district,,,,,,,,False,False,
940GZZLUPYB,Putney Bridge,2,940GZZLUPYB-Plat02-WB-district,district,,,,,,,,False,False,
940GZZLUQBY,Queensbury,4,940GZZLUQBY-Plat01-NB-jubilee,jubilee,,,,,,,,False,False,
940GZZLUQBY,Queensbury,4,940GZZLUQBY-Plat02-SB-jubilee,jubilee,,,,,,,,False,False,
940GZZLUQWY,Queensway,1,940GZZLUQWY-Plat01-WB-central,central,,,,,,,,False,False,
940GZZLUQWY,Queensway,1,940GZZLUQWY-Plat02-EB-central,central,,,,,,,,False,False,
940GZZLURBG,Redbridge,4,940GZZLURBG-Plat01-WB-central,central,,,,,,,,False,False,
940GZZLURBG,Redbridge,4,940GZZLURBG-Plat02-EB-central,central,,,,,,,,False,False,
940GZZLURGP,Regent's Park,1,940GZZLURGP-Plat01-NB-bakerloo,bakerloo,,,,,,,,False,False,
940GZZLURGP,Regent's Park,1,940GZZLURGP-Plat02-SB-bakerloo,bakerloo,,,,,,,,False,False,
940GZZLURSG,Ruislip Gardens,5,940GZZLURSG-Plat01-WB-central,central,,,,,,,,False,False,
940GZZLURSG,Ruislip Gardens,5,940GZZLURSG-Plat02-EB-central,central,,,,,,,,False,False,
940GZZLURSM,Ruislip Manor,6,940GZZLURSM-Plat01-WB-metropolitan|piccadilly,metropolitan,,,,,,,,False,False,
940GZZLURSM,Ruislip Manor,6,940GZZLURSM-Plat01-WB-metropolitan|piccadilly,piccadilly,,,,,,,,False,False,
940GZZLURSM,Ruislip Manor,6,940GZZLURSM-Plat02-EB-metropolitan|piccadilly,metropolitan,,,,,,,,False,False,
940GZZLURSM,Ruislip Manor,6,940GZZLURSM-Plat02-EB-metropolitan|piccadilly,piccadilly,,,,,,,,False,False,
940GZZLURSP,Ruislip,6,940GZZLURSP-Plat01-WB-metropolitan|piccadilly,metropolitan,,,,,,,,False,False,
940GZZLURSP,Ruislip,6,940GZZLURSP-Plat01-WB-metropolitan|piccadilly,piccadilly,,,,,,,,False,False,
940GZZLURSP,Ruislip,6,940GZZLURSP-Plat02-EB-metropolitan|piccadilly,metropolitan,Liverpool Street,,,113.0,,,127.0,False,True,
940GZZLURSP,Ruislip,6,940GZZLURSP-Plat02-EB-metropolitan|piccadilly,piccadilly,Oakwood,,,110.0,,,200.0,False,True,
940GZZLURSQ,Russell Square,1,940GZZLURSQ-Plat01-EB-piccadilly,piccadilly,,,,,,,,False,False,
940GZZLURSQ,Russell Square,1,940GZZLURSQ-Plat02-WB-piccadilly,piccadilly,,,,,,,,False,False,
940GZZLURVP,Ravenscourt Park,2,940GZZLURVP-Plat01-WB-district,district,,,,,,,,False,False,
940GZZLURVP,Ravenscourt Park,2,940GZZLURVP-Plat04-EB-district,district,,,,,,,,False,False,
940GZZLURVY,Roding Valley,4,940GZZLURVY-Plat01-WB-central,central,Woodford,,,157.0,,,137.0,False,True,Use the Station Approach / Cherry Tree Rise entrance for westbound platform
940GZZLURVY,Roding Valley,4,940GZZLURVY-Plat02-EB-central,central,Barkingside,,,193.0,,,103.0,False,True,Use the Station Way entrance for eastbound platform
940GZZLURYL,Rayners Lane,5,940GZZLURYL-Plat01-WB-metropolitan|piccadilly,metropolitan,Uxbridge,,,87.0,,,102.0,False,True,
940GZZLURYL,Rayners Lane,5,940GZZLURYL-Plat01-WB-metropolitan|piccadilly,piccadilly,Uxbridge,,,142.0,,,198.0,False,True,
940GZZLURYL,Rayners Lane,5,940GZZLURYL-Plat02-EB-metropolitan|piccadilly,metropolitan,Liverpool Street,,,132.0,,,90.0,False,True,
940GZZLURYL,Rayners Lane,5,940GZZLURYL-Plat02-EB-metropolitan|piccadilly,piccadilly,Oakwood,,,127.0,,,175.0,False,True,
940GZZLURYO,Royal Oak,2,940GZZLURYO-Plat01-WB-circle|hammersmith-city,circle,,,,,,,,False,False,
940GZZLURYO,Royal Oak,2,940GZZLURYO-Plat01-WB-circle|hammersmith-city,hammersmith-city,,,,,,,,False,False,
940GZZLURYO,Royal Oak,2,940GZZLURYO-Plat02-EB-circle|hammersmith-city,circle,,,,,,,,False,False,
940GZZLURYO,Royal Oak,2,940GZZLURYO-Plat02-EB-circle|hammersmith-city,hammersmith-city,,,,,,,,False,False,
940GZZLUSBM,Shepherd's Bush Market,2,940GZZLUSBM-Plat01-EB-circle|hammersmith-city,circle,,,,,,,,False,False,
940GZZLUSBM,Shepherd's Bush Market,2,940GZZLUSBM-Plat01-EB-circle|hammersmith-city,hammersmith-city,,,,,,,,False,False,
940GZZLUSBM,Shepherd's Bush Market,2,940GZZLUSBM-Plat02-WB-circle|hammersmith-city,circle,,,,,,,,False,False,
940GZZLUSBM,Shepherd's Bush Market,2,940GZZLUSBM-Plat02-WB-circle|hammersmith-city,hammersmith-city,,,,,,,,False,False,
940GZZLUSEA,South Ealing,3,940GZZLUSEA-Plat01-EB-piccadilly,piccadilly,,,,,,,,False,False,
940GZZLUSEA,South Ealing,3,940GZZLUSEA-Plat02-EB-piccadilly,piccadilly,,,,,,,,False,False,
940GZZLUSEA,South Ealing,3,940GZZLUSEA-Plat03-WB-piccadilly,piccadilly,,,,,,,,False,False,
940GZZLUSEA,South Ealing,3,940GZZLUSEA-Plat04-WB-piccadilly,piccadilly,,,,,,,,False,False,
940GZZLUSFB,Stamford Brook,2,940GZZLUSFB-Plat01-WB-district,district,,,,,,,,False,False,
940GZZLUSFB,Stamford Brook,2,940GZZLUSFB-Plat03-EB-district,district,,,,,,,,False,False,
940GZZLUSFS,Southfields,3,940GZZLUSFS-Plat01-EB-district,district,Earl's Court,0.0,85.0,,0.0,50.0,,False,False,
940GZZLUSFS,Southfields,3,940GZZLUSFS-Plat02-WB-district,district,Wimbledon,0.0,85.0,,0.0,50.0,,False,False,
940GZZLUSGN,Stepney Green,2,940GZZLUSGN-Plat01-WB-district|hammersmith-city,district,,,,,,,,False,False,
940GZZLUSGN,Stepney Green,2,940GZZLUSGN-Plat01-WB-district|hammersmith-city,hammersmith-city,,,,,,,,False,False,
940GZZLUSGN,Stepney Green,2,940GZZLUSGN-Plat02-EB-district|hammersmith-city,district,,,,,,,,False,False,
940GZZLUSGN,Stepney Green,2,940GZZLUSGN-Plat02-EB-district|hammersmith-city,hammersmith-city,,,,,,,,False,False,
940GZZLUSGT,Southgate,4,940GZZLUSGT-Plat01-EB-piccadilly,piccadilly,,,,,,,,False,False,
940GZZLUSGT,Southgate,4,940GZZLUSGT-Plat02-WB-piccadilly,piccadilly,,,,,,,,False,False,
940GZZLUSHH,South Harrow,5,940GZZLUSHH-Plat01-WB-piccadilly,piccadilly,,,,,,,,False,False,
940GZZLUSHH,South Harrow,5,940GZZLUSHH-Plat02-EB-piccadilly,piccadilly,,,,,,,,False,False,
940GZZLUSJP,St James's Park,1,940GZZLUSJP-Plat01-WB-circle|district,circle,,,,,,,,False,False,
940GZZLUSJP,St James's Park,1,940GZZLUSJP-Plat01-WB-circle|district,district,,,,,,,,False,False,
940GZZLUSJP,St James's Park,1,940GZZLUSJP-Plat02-EB-circle|district,circle,,,,,,,,False,False,
940GZZLUSJP,St James's Park,1,940GZZLUSJP-Plat02-EB-circle|district,district,,,,,,,,False,False,
940GZZLUSJW,St John's Wood,2,940GZZLUSJW-Plat01-NB-jubilee,jubilee,,,,,,,,False,False,
940GZZLUSJW,St John's Wood,2,940GZZLUSJW-Plat02-SB-jubilee,jubilee,,,,,,,,False,False,
940GZZLUSKS,South Kensington,1,940GZZLUSKS-Plat01-WB-circle|district,circle,High Street Kensington,0.0,85.0,,0.0,50.0,,False,False,
940GZZLUSKS,South Kensington,1,940GZZLUSKS-Plat01-WB-circle|district,district,Earl's Court,,,70.0,,,127.0,False,True,
940GZZLUSKS,South Kensington,1,940GZZLUSKS-Plat02-EB-circle|district,circle,Liverpool Street,0.0,85.0,,0.0,50.0,,False,False,
940GZZLUSKS,South Kensington,1,940GZZLUSKS-Plat02-EB-circle|district,district,,,,,,,,False,False,
940GZZLUSKS,South Kensington,1,940GZZLUSKS-Plat03-WB-piccadilly,piccadilly,,,,,,,,False,False,
940GZZLUSKS,South Kensington,1,940GZZLUSKS-Plat04-EB-piccadilly,piccadilly,,,,,,,,False,False,
940GZZLUSKW,Stockwell,2,940GZZLUSKW-Plat01-NB-victoria,victoria,Tottenham Hale,0.0,85.0,,0.0,50.0,,True,False,
940GZZLUSKW,Stockwell,2,940GZZLUSKW-Plat02-NB-northern,northern,Camden Town,0.0,85.0,,0.0,50.0,,True,False,
940GZZLUSKW,Stockwell,2,940GZZLUSKW-Plat03-SB-northern,northern,Morden,0.0,85.0,,0.0,50.0,,True,False,
940GZZLUSKW,Stockwell,2,940GZZLUSKW-Plat04-SB-victoria,victoria,Brixton,0.0,85.0,,0.0,50.0,,True,False,
940GZZLUSNB,Snaresbrook,4,940GZZLUSNB-Plat01-WB-central,central,,,,,,,,False,False,
940GZZLUSNB,Snaresbrook,4,940GZZLUSNB-Plat02-EB-central,central,,,,,,,,False,False,
940GZZLUSPU,St Paul's,1,940GZZLUSPU-Plat01-WB-central,central,,,,,,,,False,False,
940GZZLUSPU,St Paul's,1,940GZZLUSPU-Plat02-EB-central,central,,,,,,,,False,False,
940GZZLUSSQ,Sloane Square,1,940GZZLUSSQ-Plat01-WB-circle|district,circle,,,,,,,,False,False,
940GZZLUSSQ,Sloane Square,1,940GZZLUSSQ-Plat01-WB-circle|district,district,,,,,,,,False,False,
940GZZLUSSQ,Sloane Square,1,940GZZLUSSQ-Plat02-EB-circle|district,circle,,,,,,,,False,False,
940GZZLUSSQ,Sloane Square,1,940GZZLUSSQ-Plat02-EB-circle|district,district,,,,,,,,False,False,
940GZZLUSTM,Stanmore,5,940GZZLUSTM-Plat01-SB-jubilee,jubilee,Stratford,90.0,100.0,,147.0,173.0,,False,True,"For level access leaving the train at Wembley Park, Kingsbury or Green Park, please travel in the correct carriage. Station entry and exit requires a 110m journey via station car park, including steep ramps."
940GZZLUSTM,Stanmore,5,940GZZLUSTM-Plat02-SB-jubilee,jubilee,Stratford,90.0,100.0,,147.0,173.0,,False,True,"For level access leaving the train at Wembley Park, Kingsbury or Green Park, please travel in the correct carriage. Station entry and exit requires a 110m journey via station car park, including steep ramps."
940GZZLUSTM,Stanmore,5,940GZZLUSTM-Plat03-SB-jubilee,jubilee,Stratford,90.0,100.0,,147.0,173.0,,False,True,"For level access leaving the train at Wembley Park, Kingsbury or Green Park, please travel in the correct carriage. Station entry and exit requires a 110m journey via station car park, including steep ramps."
940GZZLUSUH,Sudbury Hill,4,940GZZLUSUH-Plat01-WB-piccadilly,piccadilly,,,,,,,,False,True,
940GZZLUSUH,Sudbury Hill,4,940GZZLUSUH-Plat02-EB-piccadilly,piccadilly,,,,,,,,False,True,
940GZZLUSUT,Sudbury Town,4,940GZZLUSUT-Plat01-WB-piccadilly,piccadilly,Uxbridge,,,108.0,,,117.0,False,True,Use the Orchard Gate entrance for westbound platform
940GZZLUSUT,Sudbury Town,4,940GZZLUSUT-Plat02-EB-piccadilly,piccadilly,Oakwood,,,107.0,,,164.0,False,True,Use the Station Approach entrance for eastbound platform
940GZZLUSWC,Swiss Cottage,2,940GZZLUSWC-Plat01-NB-jubilee,jubilee,,,,,,,,False,False,
940GZZLUSWC,Swiss Cottage,2,940GZZLUSWC-Plat02-SB-jubilee,jubilee,,,,,,,,False,False,
940GZZLUSWF,South Woodford,4,940GZZLUSWF-Plat01-WB-central,central,Liverpool Street,,,,,,,False,True,Use the George Lane (West) entrance for westbound platform
940GZZLUSWF,South Woodford,4,940GZZLUSWF-Plat02-EB-central,central,Epping,,,,,,,False,True,Use the Station Passage (East) entrance for eastbound platform
940GZZLUSWK,Southwark,1,940GZZLUSWK-Plat01-WB-jubilee,jubilee,Stanmore,0.0,85.0,,0.0,50.0,,False,False,"For level access leaving the train at Green Park, please travel in the correct carriage."
940GZZLUSWK,Southwark,1,940GZZLUSWK-Plat02-EB-jubilee,jubilee,Stratford,0.0,85.0,,0.0,50.0,,False,False,
940GZZLUSWN,South Wimbledon,3|4,940GZZLUSWN-Plat01-NB-northern,northern,,,,,,,,False,False,
940GZZLUSWN,South Wimbledon,3|4,940GZZLUSWN-Plat02-SB-northern,northern,,,,,,,,False,False,
940GZZLUTAW,Totteridge & Whetstone,4,940GZZLUTAW-Plat01-NB-northern,northern,,,,,,,,False,False,
940GZZLUTAW,Totteridge & Whetstone,4,940GZZLUTAW-Plat02-SB-northern,northern,,,,,,,,False,False,
940GZZLUTBC,Tooting Bec,3,940GZZLUTBC-Plat01-NB-northern,northern,,,,,,,,False,False,
940GZZLUTBC,Tooting Bec,3,940GZZLUTBC-Plat02-SB-northern,northern,,,,,,,,False,False,
940GZZLUTBY,Tooting Broadway,3,940GZZLUTBY-Plat01-NB-northern,northern,,,,,,,,False,False,
940GZZLUTBY,Tooting Broadway,3,940GZZLUTBY-Plat02-SB-northern,northern,,,,,,,,False,False,
HUBTCR,Tottenham Court Road,1,HUBTCR-Plat01-WB-central,central,Ealing Broadway and West Ruislip,,,,,,,False,True,
HUBTCR,Tottenham Court Road,1,HUBTCR-Plat02-EB-central,central,Epping,,,,,,,False,True,
HUBTCR,Tottenham Court Road,1,HUBTCR-Plat03-NB-northern,northern,Edgware and High Barnet,0.0,85.0,,0.0,50.0,,True,False,
HUBTCR,Tottenham Court Road,1,HUBTCR-Plat04-SB-northern,northern,Morden,0.0,85.0,,0.0,50.0,,True,False,
HUBTCR,Tottenham Court Road,1,HUBTCR-PlatA-EB-elizabeth,elizabeth,,,,,,,,True,False,
HUBTCR,Tottenham Court Road,1,HUBTCR-PlatB-WB-elizabeth,elizabeth,,,,,,,,True,False,
940GZZLUTFP,Tufnell Park,2,940GZZLUTFP-Plat01-NB-northern,northern,,,,,,,,False,False,
940GZZLUTFP,Tufnell Park,2,940GZZLUTFP-Plat02-SB-northern,northern,,,,,,,,False,False,
940GZZLUTHB,Theydon Bois,6,940GZZLUTHB-Plat01-WB-central,central,,,,,,,,False,False,
940GZZLUTHB,Theydon Bois,6,940GZZLUTHB-Plat02-EB-central,central,Epping,,,220.0,,,67.0,False,True,
940GZZLUTMP,Temple,1,940GZZLUTMP-Plat01-WB-circle|district,circle,,,,,,,,False,False,
940GZZLUTMP,Temple,1,940GZZLUTMP-Plat01-WB-circle|district,district,,,,,,,,False,False,
940GZZLUTMP,Temple,1,940GZZLUTMP-Plat02-EB-circle|district,circle,,,,,,,,False,False,
940GZZLUTMP,Temple,1,940GZZLUTMP-Plat02-EB-circle|district,district,,,,,,,,False,False,
940GZZLUTNG,Turnham Green,2|3,940GZZLUTNG-Plat01-WB-district,district,,,,23.0,,,240.0,False,False,
940GZZLUTNG,Turnham Green,2|3,940GZZLUTNG-Plat02-WB-piccadilly,piccadilly,,,,176.0,,,176.0,False,False,
940GZZLUTNG,Turnham Green,2|3,940GZZLUTNG-Plat03-EB-piccadilly,piccadilly,,,,98.0,,,142.0,False,False,
940GZZLUTNG,Turnham Green,2|3,940GZZLUTNG-Plat04-EB-district,district,,,,10.0,,,273.0,False,False,
940GZZLUTPN,Turnpike Lane,3,940GZZLUTPN-Plat01-EB-piccadilly,piccadilly,,,,,,,,False,False,
940GZZLUTPN,Turnpike Lane,3,940GZZLUTPN-Plat02-WB-piccadilly,piccadilly,,,,,,,,False,False,
940GZZLUTWH,Tower Hill,1,940GZZLUTWH-Plat01-WB-circle|district,circle,Edgware Road,,,,,,,False,True,
940GZZLUTWH,Tower Hill,1,940GZZLUTWH-Plat01-WB-circle|district,district,Earl's Court,,,,,,,False,True,
940GZZLUTWH,Tower Hill,1,940GZZLUTWH-Plat02-WB-circle|district,circle,Edgware Road,,,,,,,False,True,
940GZZLUTWH,Tower Hill,1,940GZZLUTWH-Plat02-WB-circle|district,district,Earl's Court,,,,,,,False,True,
940GZZLUTWH,Tower Hill,1,940GZZLUTWH-Plat03-EB-circle|district,circle,Hammersmith,,,,,,,False,True,
940GZZLUTWH,Tower Hill,1,940GZZLUTWH-Plat03-EB-circle|district,district,Upminster,,,,,,,False,True,
940GZZLUUPB,Upminster Bridge,6,940GZZLUUPB-Plat01-WB-district,district,,,,,,,,False,False,
940GZZLUUPB,Upminster Bridge,6,940GZZLUUPB-Plat02-EB-district,district,,,,,,,,False,False,
940GZZLUUPK,Upton Park,3,940GZZLUUPK-Plat01-WB-district|hammersmith-city,district,,,,,,,,False,False,
940GZZLUUPK,Upton Park,3,940GZZLUUPK-Plat01-WB-district|hammersmith-city,hammersmith-city,,,,,,,,False,False,
940GZZLUUPK,Upton Park,3,940GZZLUUPK-Plat02-EB-district|hammersmith-city,district,,,,,,,,False,False,
940GZZLUUPK,Upton Park,3,940GZZLUUPK-Plat02-EB-district|hammersmith-city,hammersmith-city,,,,,,,,False,False,
940GZZLUUPY,Upney,4,940GZZLUUPY-Plat01-WB-district,district,Earl's Court,0.0,85.0,,0.0,50.0,,False,False,
940GZZLUUPY,Upney,4,940GZZLUUPY-Plat02-EB-district,district,Upminster,0.0,85.0,,0.0,50.0,,False,False,
940GZZLUUXB,Uxbridge,6,940GZZLUUXB-Plat01-EB-metropolitan|piccadilly,metropolitan,Liverpool Street,69.0,83.0,,95.0,128.0,,False,True,
940GZZLUUXB,Uxbridge,6,940GZZLUUXB-Plat01-EB-metropolitan|piccadilly,piccadilly,Oakwood,84.0,104.0,,127.0,140.0,,False,True,
940GZZLUUXB,Uxbridge,6,940GZZLUUXB-Plat02-EB-metropolitan|piccadilly,metropolitan,Liverpool Street,69.0,83.0,,95.0,128.0,,False,True,
940GZZLUUXB,Uxbridge,6,940GZZLUUXB-Plat02-EB-metropolitan|piccadilly,piccadilly,Oakwood,84.0,104.0,,127.0,140.0,,False,True,
940GZZLUUXB,Uxbridge,6,940GZZLUUXB-Plat03-EB-metropolitan|piccadilly,metropolitan,Liverpool Street,69.0,83.0,,95.0,128.0,,False,True,
940GZZLUUXB,Uxbridge,6,940GZZLUUXB-Plat03-EB-metropolitan|piccadilly,piccadilly,Oakwood,84.0,104.0,,127.0,140.0,,False,True,
940GZZLUUXB,Uxbridge,6,940GZZLUUXB-Plat04-EB-metropolitan|piccadilly,metropolitan,Liverpool Street,69.0,83.0,,95.0,128.0,,False,True,
940GZZLUUXB,Uxbridge,6,940GZZLUUXB-Plat04-EB-metropolitan|piccadilly,piccadilly,Oakwood,84.0,104.0,,127.0,140.0,,False,True,
940GZZLUWAF,Watford,7,940GZZLUWAF-Plat01-SB-metropolitan,metropolitan,,,,,,,,False,False,
940GZZLUWAF,Watford,7,940GZZLUWAF-Plat02-SB-metropolitan,metropolitan,,,,,,,,False,False,
940GZZLUWCY,White City,2,940GZZLUWCY-Plat01-WB-central,central,,,,,,,,False,False,
940GZZLUWCY,White City,2,940GZZLUWCY-Plat02-central,central,,,,,,,,False,False,
940GZZLUWCY,White City,2,940GZZLUWCY-Plat03-central,central,,,,,,,,False,False,
940GZZLUWCY,White City,2,940GZZLUWCY-Plat04-EB-central,central,,,,,,,,False,False,
940GZZLUWFN,West Finchley,4,940GZZLUWFN-Plat01-NB-northern,northern,Woodside Park,0.0,85.0,,0.0,50.0,,False,False,Use the Nether Street entrance for northbound platform
940GZZLUWFN,West Finchley,4,940GZZLUWFN-Plat02-SB-northern,northern,Camden Town,,,147.0,,,43.0,False,True,"Wentworth Avenue entrance for southbound platform unlocked during AM peak hours, and locked with a RADAR key at all other times. Call 0845 330 9880 or use Help Point on the southbound platform to ask staff to unlock the gate if necessary."
940GZZLUWHP,West Hampstead,2,940GZZLUWHP-Plat01-NB-jubilee,jubilee,,,,,,,,False,False,
940GZZLUWHP,West Hampstead,2,940GZZLUWHP-Plat02-SB-jubilee,jubilee,,,,,,,,False,False,
940GZZLUWHW,West Harrow,5,940GZZLUWHW-Plat01-NB-metropolitan,metropolitan,,,,,,,,False,False,
940GZZLUWHW,West Harrow,5,940GZZLUWHW-Plat02-SB-metropolitan,metropolitan,,,,,,,,False,False,
940GZZLUWIG,Willesden Green,2|3,940GZZLUWIG-Plat01-NB-metropolitan,metropolitan,,,,,,,,False,False,
940GZZLUWIG,Willesden Green,2|3,940GZZLUWIG-Plat02-NB-jubilee,jubilee,,,,,,,,False,False,
940GZZLUWIG,Willesden Green,2|3,940GZZLUWIG-Plat03-SB-jubilee,jubilee,,,,,,,,False,False,
940GZZLUWIG,Willesden Green,2|3,940GZZLUWIG-Plat04-SB-metropolitan,metropolitan,,,,,,,,False,False,
940GZZLUWIP,Wimbledon Park,3,940GZZLUWIP-Plat01-EB-district,district,,,,,,,,False,True,
940GZZLUWIP,Wimbledon Park,3,940GZZLUWIP-Plat02-WB-district,district,,,,,,,,False,True,
940GZZLUWKA,Warwick Avenue,2,940GZZLUWKA-Plat01-NB-bakerloo,bakerloo,,,,,,,,False,False,
940GZZLUWKA,Warwick Avenue,2,940GZZLUWKA-Plat02-SB-bakerloo,bakerloo,,,,,,,,False,False,
940GZZLUWKN,West Kensington,2,940GZZLUWKN-Plat01-WB-district,district,,,,,,,,False,False,
940GZZLUWKN,West Kensington,2,940GZZLUWKN-Plat02-EB-district,district,,,,,,,,False,False,
940GZZLUWLA,Wood Lane,2,940GZZLUWLA-Plat01-EB-circle|hammersmith-city,circle,Edgware Road,,,95.0,,,15.0,False,False,
940GZZLUWLA,Wood Lane,2,940GZZLUWLA-Plat01-EB-circle|hammersmith-city,hammersmith-city,Edgware Road,,,95.0,,,15.0,False,False,
940GZZLUWLA,Wood Lane,2,940GZZLUWLA-Plat02-WB-circle|hammersmith-city,circle,Hammersmith,,,95.0,,,15.0,False,False,
940GZZLUWLA,Wood Lane,2,940GZZLUWLA-Plat02-WB-circle|hammersmith-city,hammersmith-city,Hammersmith,,,95.0,,,15.0,False,False,
940GZZLUWOF,Woodford,4,940GZZLUWOF-Plat01-WB-central,central,Stratford,,,,,,,False,True,Snakes Lane / Madeira Grove entrance to westbound platform unlocked until 21:00. Use intercom to ask staff to unlock gate if necessary.
940GZZLUWOF,Woodford,4,940GZZLUWOF-Plat02-WB-central,central,Stratford,,,,,,,False,True,Snakes Lane / Madeira Grove entrance to westbound platform unlocked until 21:00. Use intercom to ask staff to unlock gate if necessary.
940GZZLUWOF,Woodford,4,940GZZLUWOF-Plat03-EB-central,central,Epping,,,,,,,False,True,Use The Broadway entrance for eastbound platform
940GZZLUWOG,Wood Green,3,940GZZLUWOG-Plat01-EB-piccadilly,piccadilly,,,,,,,,False,False,
940GZZLUWOG,Wood Green,3,940GZZLUWOG-Plat02-WB-piccadilly,piccadilly,,,,,,,,False,False,
940GZZLUWOP,Woodside Park,4,940GZZLUWOP-Plat01-NB-northern,northern,High Barnet,0.0,85.0,,0.0,50.0,,True,False,Use the Holden Road entrance for northbound platform
940GZZLUWOP,Woodside Park,4,940GZZLUWOP-Plat02-SB-northern,northern,Camden Town,0.0,85.0,,0.0,50.0,,True,False,Use the Woodside Park Road entrance for southbound platform
940GZZLUWRR,Warren Street,1,940GZZLUWRR-Plat01-NB-northern,northern,,,,,,,,False,False,
940GZZLUWRR,Warren Street,1,940GZZLUWRR-Plat02-SB-northern,northern,,,,,,,,False,False,
940GZZLUWRR,Warren Street,1,940GZZLUWRR-Plat03-NB-victoria,victoria,,,,,,,,False,False,
940GZZLUWRR,Warren Street,1,940GZZLUWRR-Plat04-SB-victoria,victoria,,,,,,,,False,False,
940GZZLUWSD,Wanstead,4,940GZZLUWSD-Plat01-WB-central,central,,,,,,,,False,False,
940GZZLUWSD,Wanstead,4,940GZZLUWSD-Plat02-EB-central,central,,,,,,,,False,False,
940GZZLUWSP,Westbourne Park,2,940GZZLUWSP-Plat01-WB-circle|hammersmith-city,circle,,,,,,,,False,False,
940GZZLUWSP,Westbourne Park,2,940GZZLUWSP-Plat01-WB-circle|hammersmith-city,hammersmith-city,,,,,,,,False,False,
940GZZLUWSP,Westbourne Park,2,940GZZLUWSP-Plat02-EB-circle|hammersmith-city,circle,,,,,,,,False,False,
940GZZLUWSP,Westbourne Park,2,940GZZLUWSP-Plat02-EB-circle|hammersmith-city,hammersmith-city,,,,,,,,False,False,
940GZZLUWTA,West Acton,3,940GZZLUWTA-Plat01-WB-central,central,,,,,,,,False,False,
940GZZLUWTA,West Acton,3,940GZZLUWTA-Plat02-EB-central,central,,,,,,,,False,False,
940GZZLUWYP,Wembley Park,4,940GZZLUWYP-Plat01-NB-metropolitan,metropolitan,"Amersham, Chesham and Uxbridge",0.0,85.0,,0.0,50.0,,True,False,
940GZZLUWYP,Wembley Park,4,940GZZLUWYP-Plat02-NB-metropolitan,metropolitan,"Amersham, Chesham and Uxbridge",0.0,85.0,,0.0,50.0,,True,False,
940GZZLUWYP,Wembley Park,4,940GZZLUWYP-Plat03-NB-jubilee,jubilee,Stanmore,0.0,85.0,,0.0,50.0,,True,False,"For level access leaving the train at this platform, please travel in the correct carriage. For level access travelling from Green Park, continue to Kingsbury and ask a member of staff for assistance."
940GZZLUWYP,Wembley Park,4,940GZZLUWYP-Plat04-SB-jubilee,jubilee,Stratford,0.0,85.0,,0.0,50.0,,True,False,
940GZZLUWYP,Wembley Park,4,940GZZLUWYP-Plat05-SB-metropolitan,metropolitan,Liverpool Street,0.0,85.0,,0.0,50.0,,True,False,
940GZZLUWYP,Wembley Park,4,940GZZLUWYP-Plat06-SB-metropolitan,metropolitan,Liverpool Street,0.0,85.0,,0.0,50.0,,True,False,
HUBAMR,Amersham,9,HUBAMR-Plat01-SB-metropolitan|national-rail,metropolitan,,0.0,85.0,,0.0,50.0,,True,False,
HUBAMR,Amersham,9,HUBAMR-Plat01-SB-metropolitan|national-rail,national-rail,,0.0,85.0,,0.0,50.0,,True,False,
HUBAMR,Amersham,9,HUBAMR-Plat02-SB-metropolitan|national-rail,metropolitan,,0.0,85.0,,0.0,50.0,,True,False,
HUBAMR,Amersham,9,HUBAMR-Plat02-SB-metropolitan|national-rail,national-rail,,0.0,85.0,,0.0,50.0,,True,False,
HUBAMR,Amersham,9,HUBAMR-Plat03-SB-metropolitan|national-rail,metropolitan,,0.0,85.0,,0.0,50.0,,True,False,
HUBAMR,Amersham,9,HUBAMR-Plat03-SB-metropolitan|national-rail,national-rail,,0.0,85.0,,0.0,50.0,,True,False,
HUBBAL,Balham,3,HUBBAL-Plat01-NB-northern,northern,,,,,,,,False,False,
HUBBAL,Balham,3,HUBBAL-Plat02-SB-northern,northern,,,,,,,,False,False,
HUBBAL,Balham,3,HUBBAL-Plat01-SB-national-rail,national-rail,,,,,,,,False,True,
HUBBAL,Balham,3,HUBBAL-Plat02-NB-national-rail,national-rail,,,,,,,,False,True,
HUBBAN,Bank,1,HUBBAN-Plat03-SB-northern,northern,,0.0,85.0,,0.0,50.0,,True,False,
HUBBAN,Bank,1,HUBBAN-Plat04-NB-northern,northern,,0.0,85.0,,0.0,50.0,,True,False,
HUBBAN,Bank,1,HUBBAN-Plat05-WB-central,central,,,,,,,,False,False,
HUBBAN,Bank,1,HUBBAN-Plat06-EB-central,central,,,,,,,,False,False,
HUBBAN,Bank,1,HUBBAN-Plat07-WB-waterloo-city,waterloo-city,,,,,,,,False,True,
HUBBAN,Bank,1,HUBBAN-Plat08-WB-waterloo-city,waterloo-city,,,,,,,,False,True,
HUBBAN,Bank,1,HUBBAN-Plat09-EB-dlr,dlr,,0.0,85.0,,0.0,50.0,,False,False,
HUBBAN,Bank,1,HUBBAN-Plat10-WB-dlr,dlr,,0.0,85.0,,0.0,50.0,,False,False,
HUBBEK,Beckenham Junction,4|Trams fare zone,HUBBEK-WB-tram,tram,,0.0,85.0,,0.0,50.0,,True,False,
HUBBEK,Beckenham Junction,4|Trams fare zone,HUBBEK-Plat01-WB-national-rail,national-rail,,,,,,,,False,True,Level access via Rectory Road
HUBBEK,Beckenham Junction,4|Trams fare zone,HUBBEK-Plat02-WB-national-rail,national-rail,,,,,,,,False,True,Level access via Rectory Road
HUBBEK,Beckenham Junction,4|Trams fare zone,HUBBEK-Plat03-EB-national-rail,national-rail,,,,,,,,False,True,Level access via High Street or Car Park
HUBBEK,Beckenham Junction,4|Trams fare zone,HUBBEK-Plat04-WB-national-rail,national-rail,,,,,,,,False,True,Level access via High Street or Car Park
HUBBFR,Blackfriars,1,HUBBFR-Plat01-SB-national-rail,national-rail,,0.0,85.0,,0.0,50.0,,True,False,
HUBBFR,Blackfriars,1,HUBBFR-Plat01-WB-circle|district,circle,Westminster,0.0,85.0,,0.0,50.0,,False,False,
HUBBFR,Blackfriars,1,HUBBFR-Plat01-WB-circle|district,district,Westminster,0.0,85.0,,0.0,50.0,,False,False,
HUBBFR,Blackfriars,1,HUBBFR-Plat02-EB-circle|district,circle,Liverpool Street,0.0,85.0,,0.0,50.0,,False,False,
HUBBFR,Blackfriars,1,HUBBFR-Plat02-EB-circle|district,district,Upminster,0.0,85.0,,0.0,50.0,,False,False,
HUBBFR,Blackfriars,1,HUBBFR-Plat02-NB-national-rail,national-rail,,0.0,85.0,,0.0,50.0,,True,False,
HUBBFR,Blackfriars,1,HUBBFR-Plat03-SB-national-rail,national-rail,,0.0,85.0,,0.0,50.0,,True,False,
HUBBFR,Blackfriars,1,HUBBFR-Plat04-SB-national-rail,national-rail,,0.0,85.0,,0.0,50.0,,True,False,
HUBBHO,Blackhorse Road,3,HUBBHO-Plat01-NB-victoria,victoria,,,,,,,,False,False,
HUBBHO,Blackhorse Road,3,HUBBHO-Plat01-WB-london-overground,suffragette,Gospel Oak,,,,,,,False,True,
HUBBHO,Blackhorse Road,3,HUBBHO-Plat02-EB-london-overground,suffragette,Barking,,,,,,,False,True,
HUBBHO,Blackhorse Road,3,HUBBHO-Plat02-SB-victoria,victoria,,,,,,,,False,False,
HUBBIR,Birkbeck,4|Trams fare zone,HUBBIR-EB-tram,tram,,0.0,85.0,,0.0,50.0,,False,False,
HUBBIR,Birkbeck,4|Trams fare zone,HUBBIR-WB-tram,tram,,0.0,85.0,,0.0,50.0,,False,False,
HUBBIR,Birkbeck,4|Trams fare zone,HUBBIR-Plat01-national-rail,national-rail,,,,,,,,False,False,
HUBBKG,Barking,4,HUBBKG-Plat01-WB-london-overground,suffragette,Gospel Oak,,,,,,,False,True,
HUBBKG,Barking,4,HUBBKG-Plat02-EB-district|hammersmith-city,district,Upminster,0.0,85.0,,0.0,50.0,,False,False,
HUBBKG,Barking,4,HUBBKG-Plat02-EB-district|hammersmith-city,hammersmith-city,Upminster,0.0,85.0,,0.0,50.0,,False,False,
HUBBKG,Barking,4,HUBBKG-Plat03-WB-district|hammersmith-city,district,,0.0,85.0,,0.0,50.0,,False,False,
HUBBKG,Barking,4,HUBBKG-Plat03-WB-district|hammersmith-city,hammersmith-city,,0.0,85.0,,0.0,50.0,,False,False,
HUBBKG,Barking,4,HUBBKG-Plat04-EB-national-rail,national-rail,,,,,,,,False,True,
HUBBKG,Barking,4,HUBBKG-Plat05-WB-national-rail,national-rail,,,,,,,,False,True,
HUBBKG,Barking,4,HUBBKG-Plat06-WB-district|hammersmith-city,district,Earl's Court,0.0,85.0,,0.0,50.0,,False,False,
HUBBKG,Barking,4,HUBBKG-Plat06-WB-district|hammersmith-city,hammersmith-city,,0.0,85.0,,0.0,50.0,,False,False,
HUBBKG,Barking,4,HUBBKG-Plat07-EB-london-overground|national-rail,suffragette,,,,,,,,False,True,
HUBBKG,Barking,4,HUBBKG-Plat07-EB-london-overground|national-rail,national-rail,,,,,,,,False,True,
HUBBKG,Barking,4,HUBBKG-Plat08-WB-london-overground|national-rail,suffragette,,,,,,,,False,True,
HUBBKG,Barking,4,HUBBKG-Plat08-WB-london-overground|national-rail,national-rail,,,,,,,,False,True,
HUBBRX,Brixton,2,HUBBRX-Plat01-NB-victoria,victoria,Walthamstow Central,0.0,85.0,,0.0,50.0,,True,False,
HUBBRX,Brixton,2,HUBBRX-Plat02-NB-victoria,victoria,Walthamstow Central,0.0,85.0,,0.0,50.0,,True,False,
HUBBRX,Brixton,2,HUBBRX-Plat01-NB-national-rail,national-rail,,,,,,,,False,False,
HUBBRX,Brixton,2,HUBBRX-Plat02-SB-national-rail,national-rail,,,,,,,,False,False,
HUBBSH,Bushey,8,HUBBSH-Plat01-NB-london-overground,lioness,,,,,,,,False,False,
HUBBSH,Bushey,8,HUBBSH-Plat02-SB-london-overground,lioness,,,,,,,,False,False,
HUBBSH,Bushey,8,HUBBSH-Plat03-NB-national-rail,national-rail,,,,,,,,False,False,
HUBBSH,Bushey,8,HUBBSH-Plat04-SB-national-rail,national-rail,,,,,,,,False,False,
HUBBSH,Bushey,8,HUBBSH-Plat05-NB-national-rail,national-rail,,,,,,,,False,False,
HUBBSH,Bushey,8,HUBBSH-Plat06-SB-national-rail,national-rail,,,,,,,,False,False,
HUBCAN,Canning Town,2|3,HUBCAN-Plat01-SB-dlr,dlr,Woolwich Arsenal,0.0,85.0,,0.0,50.0,,False,False,
HUBCAN,Canning Town,2|3,HUBCAN-Plat02-NB-dlr,dlr,Stratford International,0.0,85.0,,0.0,50.0,,False,False,
HUBCAN,Canning Town,2|3,HUBCAN-Plat03-EB-dlr,dlr,Beckton and Woolwich Arsenal,0.0,85.0,,0.0,50.0,,False,False,
HUBCAN,Canning Town,2|3,HUBCAN-Plat04-WB-dlr,dlr,Poplar,0.0,85.0,,0.0,50.0,,False,False,
HUBCAN,Canning Town,2|3,HUBCAN-Plat05-WB-jubilee,jubilee,Stanmore,0.0,85.0,,0.0,50.0,,False,False,"For level access leaving the train at Green Park or Wembley Park, please travel in the correct carriage. "
HUBCAN,Canning Town,2|3,HUBCAN-Plat06-EB-jubilee,jubilee,Stratford,0.0,85.0,,0.0,50.0,,False,False,
HUBCAW,Canary Wharf,2,HUBCAW-Plat01-SB-dlr,dlr,,0.0,85.0,,0.0,50.0,,False,False,
HUBCAW,Canary Wharf,2,HUBCAW-Plat01-WB-jubilee,jubilee,Stanmore,0.0,85.0,,0.0,50.0,,False,False,"For level access leaving the train at Green Park or Wembley Park, please travel in the correct carriage."
HUBCAW,Canary Wharf,2,HUBCAW-Plat02-EB-jubilee,jubilee,Stratford,0.0,85.0,,0.0,50.0,,False,False,
HUBCAW,Canary Wharf,2,HUBCAW-Plat02-SB-dlr,dlr,,0.0,85.0,,0.0,50.0,,False,False,
HUBCAW,Canary Wharf,2,HUBCAW-Plat03-dlr,dlr,,0.0,85.0,,0.0,50.0,,False,False,
HUBCAW,Canary Wharf,2,HUBCAW-Plat04-dlr,dlr,,0.0,85.0,,0.0,50.0,,False,False,
HUBCAW,Canary Wharf,2,HUBCAW-Plat05-NB-dlr,dlr,,0.0,85.0,,0.0,50.0,,False,False,
HUBCAW,Canary Wharf,2,HUBCAW-Plat06-NB-dlr,dlr,,0.0,85.0,,0.0,50.0,,False,False,
HUBCAW,Canary Wharf,2,HUBCAW-PlatA-EB-elizabeth,elizabeth,,,,,,,,True,False,
HUBCAW,Canary Wharf,2,HUBCAW-PlatB-WB-elizabeth,elizabeth,,,,,,,,True,False,
HUBCFO,Chalfont & Latimer,8,HUBCFO-Plat01-WB-metropolitan|national-rail,metropolitan,Chesham,,,,,,,True,True,Use the Station Approach entrance for northbound platform. Step-free platform interchange requires a 360m journey via the street
HUBCFO,Chalfont & Latimer,8,HUBCFO-Plat01-WB-metropolitan|national-rail,national-rail,,,,,,,,True,True,Use the Station Approach entrance for northbound platform. Step-free platform interchange requires a 360m journey via the street
HUBCFO,Chalfont & Latimer,8,HUBCFO-Plat02-EB-metropolitan|national-rail,metropolitan,Aldgate,,,,,,,True,True,Use the Bedford Avenue entrance for southbound platform. Step-free platform interchange requires a 360m journey via the street
HUBCFO,Chalfont & Latimer,8,HUBCFO-Plat02-EB-metropolitan|national-rail,national-rail,,,,,,,,True,True,Use the Bedford Avenue entrance for southbound platform. Step-free platform interchange requires a 360m journey via the street
HUBCFO,Chalfont & Latimer,8,HUBCFO-Plat03-WB-metropolitan,metropolitan,,,,,,,,False,False,
HUBCHX,Charing Cross,1,HUBCHX-Plat01-NB-bakerloo,bakerloo,,,,,,,,False,False,
HUBCHX,Charing Cross,1,HUBCHX-Plat02-SB-bakerloo,bakerloo,,,,,,,,False,False,
HUBCHX,Charing Cross,1,HUBCHX-Plat05-NB-northern,northern,,,,,,,,False,False,
HUBCHX,Charing Cross,1,HUBCHX-Plat06-SB-northern,northern,,,,,,,,False,False,
HUBCHX,Charing Cross,1,HUBCHX-Plat01-SB-national-rail,national-rail,,,,,,,,False,True,
HUBCHX,Charing Cross,1,HUBCHX-Plat02-SB-national-rail,national-rail,,,,,,,,False,True,
HUBCHX,Charing Cross,1,HUBCHX-Plat03-SB-national-rail,national-rail,,,,,,,,False,True,
HUBCHX,Charing Cross,1,HUBCHX-Plat04-SB-national-rail,national-rail,,,,,,,,False,True,
HUBCHX,Charing Cross,1,HUBCHX-Plat05-SB-national-rail,national-rail,,,,,,,,False,True,
HUBCHX,Charing Cross,1,HUBCHX-Plat06-SB-national-rail,national-rail,,,,,,,,False,True,
HUBCLJ,Clapham Junction,2,HUBCLJ-Plat01-EB-london-overground,mildmay,Stratford via Willesden Junction,,,,,,,False,True,
HUBCLJ,Clapham Junction,2,HUBCLJ-Plat02-EB-london-overground,windrush,Highbury & Islington via Canada Water,,,,,,,False,True,
HUBCLJ,Clapham Junction,2,HUBCLJ-Plat17-EB-london-overground|national-rail,mildmay,Stratford via Willesden Junction,,,,,,,False,True,
HUBCLJ,Clapham Junction,2,HUBCLJ-Plat17-EB-london-overground|national-rail,national-rail,,,,,,,,False,True,
HUBCLW,Chorleywood,7,HUBCLW-Plat01-NB-metropolitan|national-rail,metropolitan,Amersham and Chesham,,,,,,,True,True,
HUBCLW,Chorleywood,7,HUBCLW-Plat01-NB-metropolitan|national-rail,national-rail,,,,,,,,True,True,
HUBCLW,Chorleywood,7,HUBCLW-Plat02-SB-metropolitan|national-rail,metropolitan,Liverpool Street,,,,,,,True,True,
HUBCLW,Chorleywood,7,HUBCLW-Plat02-SB-metropolitan|national-rail,national-rail,,,,,,,,True,True,
HUBCST,Cannon Street,1,HUBCST-Plat01-WB-circle|district,circle,Westminster,0.0,95.0,,0.0,174.0,,False,True,
HUBCST,Cannon Street,1,HUBCST-Plat01-WB-circle|district,district,Westminster,0.0,95.0,,0.0,174.0,,False,True,
HUBCST,Cannon Street,1,HUBCST-Plat02-EB-circle|district,circle,,,,,,,,False,False,
HUBCST,Cannon Street,1,HUBCST-Plat02-EB-circle|district,district,,,,,,,,False,False,
HUBCST,Cannon Street,1,HUBCST-Plat01-SB-national-rail,national-rail,,,,,,,,False,True,
HUBCST,Cannon Street,1,HUBCST-Plat02-SB-national-rail,national-rail,,,,,,,,False,True,
HUBCST,Cannon Street,1,HUBCST-Plat03-SB-national-rail,national-rail,,,,,,,,False,True,
HUBCST,Cannon Street,1,HUBCST-Plat04-SB-national-rail,national-rail,,,,,,,,False,True,
HUBCST,Cannon Street,1,HUBCST-Plat05-SB-national-rail,national-rail,,,,,,,,False,True,
HUBCST,Cannon Street,1,HUBCST-Plat06-SB-national-rail,national-rail,,,,,,,,False,True,
HUBCST,Cannon Street,1,HUBCST-Plat07-SB-national-rail,national-rail,,,,,,,,False,True,
HUBCUT,Cutty Sark for Maritime Greenwich,2|3,HUBCUT-Plat01-SB-dlr,dlr,Lewisham,0.0,85.0,,0.0,50.0,,False,False,
HUBCUT,Cutty Sark for Maritime Greenwich,2|3,HUBCUT-Plat02-NB-dlr,dlr,Canary Wharf,0.0,85.0,,0.0,50.0,,False,False,
HUBCYP,Crystal Palace,3|4,HUBCYP-Plat01-NB-national-rail,national-rail,,,,,,,,False,True,
HUBCYP,Crystal Palace,3|4,HUBCYP-Plat02-SB-national-rail,national-rail,,,,,,,,False,True,
HUBCYP,Crystal Palace,3|4,HUBCYP-Plat03-NB-london-overground,windrush,Highbury & Islington,,,,,,,False,True,
HUBCYP,Crystal Palace,3|4,HUBCYP-Plat04-NB-national-rail,national-rail,,,,,,,,False,True,
HUBCYP,Crystal Palace,3|4,HUBCYP-Plat05-NB-london-overground,windrush,Highbury & Islington,,,,,,,False,True,
HUBCYP,Crystal Palace,3|4,HUBCYP-Plat06-SB-national-rail,national-rail,,,,,,,,False,True,
HUBEAL,Ealing Broadway,3,HUBEAL-Plat01-WB-elizabeth|national-rail,elizabeth,,,,,,,,False,True,
HUBEAL,Ealing Broadway,3,HUBEAL-Plat01-WB-elizabeth|national-rail,national-rail,,,,,,,,False,True,
HUBEAL,Ealing Broadway,3,HUBEAL-Plat02-EB-elizabeth|national-rail,elizabeth,,,,,,,,False,True,
HUBEAL,Ealing Broadway,3,HUBEAL-Plat02-EB-elizabeth|national-rail,national-rail,,,,,,,,False,True,
HUBEAL,Ealing Broadway,3,HUBEAL-Plat03-WB-elizabeth|national-rail,elizabeth,,,,,,,,False,True,
HUBEAL,Ealing Broadway,3,HUBEAL-Plat03-WB-elizabeth|national-rail,national-rail,,,,,,,,False,True,
HUBEAL,Ealing Broadway,3,HUBEAL-Plat04-EB-elizabeth|national-rail,elizabeth,,,,,,,,False,True,
HUBEAL,Ealing Broadway,3,HUBEAL-Plat04-EB-elizabeth|national-rail,national-rail,,,,,,,,False,True,
HUBEAL,Ealing Broadway,3,HUBEAL-Plat05-EB-central,central,Epping,97.0,113.0,,213.0,240.0,,False,True,
HUBEAL,Ealing Broadway,3,HUBEAL-Plat06-EB-central,central,Epping,97.0,113.0,,213.0,240.0,,False,True,
HUBEAL,Ealing Broadway,3,HUBEAL-Plat07-EB-district,district,,0.0,85.0,,0.0,50.0,,True,False,
HUBEAL,Ealing Broadway,3,HUBEAL-Plat08-EB-district,district,,0.0,85.0,,0.0,50.0,,True,False,
HUBEAL,Ealing Broadway,3,HUBEAL-Plat09-EB-district,district,,0.0,85.0,,0.0,50.0,,True,False,
HUBECY,East Croydon,5|Trams fare zone,HUBECY-EB-tram,tram,,0.0,85.0,,0.0,50.0,,False,False,
HUBECY,East Croydon,5|Trams fare zone,HUBECY-Plat01-NB-national-rail,national-rail,,,,,,,,False,True,"Not operated by TfL. If you need assistance, please check assisted travel at www.thameslinkrailway.co.uk"
HUBECY,East Croydon,5|Trams fare zone,HUBECY-Plat02-NB-national-rail,national-rail,,,,,,,,False,True,"Not operated by TfL. If you need assistance, please check assisted travel at www.thameslinkrailway.co.uk"
HUBECY,East Croydon,5|Trams fare zone,HUBECY-Plat03-SB-national-rail,national-rail,,,,,,,,False,True,"Not operated by TfL. If you need assistance, please check assisted travel at www.thameslinkrailway.co.uk"
HUBECY,East Croydon,5|Trams fare zone,HUBECY-Plat04-NB-national-rail,national-rail,,,,,,,,False,True,"Not operated by TfL. If you need assistance, please check assisted travel at www.thameslinkrailway.co.uk"
HUBECY,East Croydon,5|Trams fare zone,HUBECY-Plat05-SB-national-rail,national-rail,,,,,,,,False,True,"Not operated by TfL. If you need assistance, please check assisted travel at www.thameslinkrailway.co.uk"
HUBECY,East Croydon,5|Trams fare zone,HUBECY-Plat06-SB-national-rail,national-rail,,,,,,,,False,True,"Not operated by TfL. If you need assistance, please check assisted travel at www.thameslinkrailway.co.uk"
HUBECY,East Croydon,5|Trams fare zone,HUBECY-WB-tram,tram,,0.0,85.0,,0.0,50.0,,True,False,
HUBELM,Elmers End,4|Trams fare zone,HUBELM-Plat01-WB-tram,tram,,0.0,85.0,,0.0,50.0,,True,False,
HUBELM,Elmers End,4|Trams fare zone,HUBELM-Plat02-NB-national-rail,national-rail,,,,,,,,False,True,
HUBELM,Elmers End,4|Trams fare zone,HUBELM-Plat03-SB-national-rail,national-rail,,,,,,,,False,True,
HUBEPH,Elephant & Castle,1|2,HUBEPH-Plat01-NB-northern,northern,,,,,,,,False,False,
HUBEPH,Elephant & Castle,1|2,HUBEPH-Plat01-NB-national-rail,national-rail,,,,,,,,False,False,"Not operated by TfL. If you need assistance, please check assisted travel at www.thameslinkrailway.co.uk"
HUBEPH,Elephant & Castle,1|2,HUBEPH-Plat02-SB-northern,northern,Morden,0.0,85.0,,0.0,50.0,,True,False,
HUBEPH,Elephant & Castle,1|2,HUBEPH-Plat02-SB-national-rail,national-rail,,,,,,,,False,False,"Not operated by TfL. If you need assistance, please check assisted travel at www.thameslinkrailway.co.uk"
HUBEPH,Elephant & Castle,1|2,HUBEPH-Plat03-NB-bakerloo,bakerloo,,,,,,,,False,False,
HUBEPH,Elephant & Castle,1|2,HUBEPH-Plat03-NB-national-rail,national-rail,,,,,,,,False,False,"Not operated by TfL. If you need assistance, please check assisted travel at www.thameslinkrailway.co.uk"
HUBEPH,Elephant & Castle,1|2,HUBEPH-Plat04-NB-bakerloo,bakerloo,,,,,,,,False,False,
HUBEPH,Elephant & Castle,1|2,HUBEPH-Plat04-SB-national-rail,national-rail,,,,,,,,False,False,"Not operated by TfL. If you need assistance, please check assisted travel at www.thameslinkrailway.co.uk"
HUBEUS,Euston,1,HUBEUS-Plat01-NB-northern,northern,,,,,,,,False,False,
HUBEUS,Euston,1,HUBEUS-Plat02-SB-northern,northern,,,,,,,,False,False,
HUBEUS,Euston,1,HUBEUS-Plat03-NB-northern,northern,Camden Town,0.0,85.0,,0.0,50.0,,True,False,
HUBEUS,Euston,1,HUBEUS-Plat04-NB-victoria,victoria,Tottenham Hale,0.0,85.0,,0.0,50.0,,True,False,
HUBEUS,Euston,1,HUBEUS-Plat05-SB-victoria,victoria,Brixton,0.0,85.0,,0.0,50.0,,True,False,
HUBEUS,Euston,1,HUBEUS-Plat06-SB-northern,northern,Morden via London Bridge,0.0,85.0,,0.0,50.0,,True,False,
HUBEUS,Euston,1,HUBEUS-Plat09-NB-london-overground|national-rail,lioness,Watford Junction,,,,,,,False,True,
HUBEUS,Euston,1,HUBEUS-Plat09-NB-london-overground|national-rail,national-rail,,,,,,,,False,True,
HUBEUS,Euston,1,HUBEUS-Plat10-NB-london-overground|national-rail,lioness,Watford Junction,,,,,,,False,True,
HUBEUS,Euston,1,HUBEUS-Plat10-NB-london-overground|national-rail,national-rail,,,,,,,,False,False,
HUBFPK,Finsbury Park,2,HUBFPK-Plat01-EB-piccadilly,piccadilly,Oakwood,0.0,85.0,,0.0,50.0,,True,False,
HUBFPK,Finsbury Park,2,HUBFPK-Plat02-NB-victoria,victoria,Tottenham Hale,0.0,85.0,,0.0,50.0,,True,False,
HUBFPK,Finsbury Park,2,HUBFPK-Plat02-SB-national-rail,national-rail,,,,,,,,False,True,"Not operated by TfL. If you need assistance, please check assisted travel at www.thameslinkrailway.co.uk"
HUBFPK,Finsbury Park,2,HUBFPK-Plat03-WB-piccadilly,piccadilly,Acton Town,0.0,85.0,,0.0,50.0,,True,False,
HUBFPK,Finsbury Park,2,HUBFPK-Plat04-SB-victoria,victoria,Brixton,0.0,85.0,,0.0,50.0,,True,False,
HUBFPK,Finsbury Park,2,HUBFPK-Plat07-NB-national-rail,national-rail,,,,,,,,False,True,"Not operated by TfL. If you need assistance, please check assisted travel at www.thameslinkrailway.co.uk"
HUBGFD,Greenford,4,HUBGFD-Plat01-WB-central,central,West Ruislip,0.0,123.0,,0.0,207.0,,False,True,
HUBGFD,Greenford,4,HUBGFD-Plat02-EB-national-rail,national-rail,,,,,,,,False,True,
HUBGFD,Greenford,4,HUBGFD-Plat03-EB-central,central,Liverpool Street,0.0,140.0,,0.0,173.0,,False,True,
HUBGNW,Greenwich,2|3,HUBGNW-Plat01-EB-national-rail,national-rail,,,,,,,,False,True,"Not operated by TfL. If you need assistance, please check assisted travel at www.thameslinkrailway.co.uk"
HUBGNW,Greenwich,2|3,HUBGNW-Plat02-WB-national-rail,national-rail,,,,,,,,False,True,"Not operated by TfL. If you need assistance, please check assisted travel at www.thameslinkrailway.co.uk"
HUBGNW,Greenwich,2|3,HUBGNW-Plat03-NB-dlr,dlr,Canary Wharf,0.0,85.0,,0.0,50.0,,False,False,
HUBGNW,Greenwich,2|3,HUBGNW-Plat04-SB-dlr,dlr,Lewisham,0.0,85.0,,0.0,50.0,,False,False,
HUBGUN,Gunnersbury,3,HUBGUN-Plat01-WB-district|london-overground,district,Richmond,0.0,157.0,,0.0,193.0,,False,True,
HUBGUN,Gunnersbury,3,HUBGUN-Plat01-WB-district|london-overground,mildmay,Richmond,,,,,,,False,True,
HUBGUN,Gunnersbury,3,HUBGUN-Plat02-EB-district|london-overground,district,Earl's Court,0.0,113.0,,0.0,200.0,,False,True,
HUBGUN,Gunnersbury,3,HUBGUN-Plat02-EB-district|london-overground,mildmay,Stratford,,,,,,,False,True,
HUBH13,Heathrow Terminals 2 & 3,6,HUBH13-Plat01-WB-piccadilly,piccadilly,Heathrow Terminal 5,0.0,85.0,,0.0,50.0,,True,False,
HUBH13,Heathrow Terminals 2 & 3,6,HUBH13-Plat01-WB-elizabeth|national-rail,elizabeth,Heathrow Terminal 4,0.0,85.0,,0.0,50.0,,True,False,
HUBH13,Heathrow Terminals 2 & 3,6,HUBH13-Plat01-WB-elizabeth|national-rail,national-rail,,0.0,85.0,,0.0,50.0,,True,False,
HUBH13,Heathrow Terminals 2 & 3,6,HUBH13-Plat02-EB-piccadilly,piccadilly,Oakwood,0.0,85.0,,0.0,50.0,,True,False,
HUBH13,Heathrow Terminals 2 & 3,6,HUBH13-Plat02-EB-elizabeth|national-rail,elizabeth,Paddington,0.0,85.0,,0.0,50.0,,True,False,
HUBH13,Heathrow Terminals 2 & 3,6,HUBH13-Plat02-EB-elizabeth|national-rail,national-rail,,0.0,85.0,,0.0,50.0,,True,False,
HUBHDN,Harlesden,3,HUBHDN-Plat01-SB-bakerloo|london-overground,lioness,,,,,,,,False,False,
HUBHDN,Harlesden,3,HUBHDN-Plat01-SB-bakerloo|london-overground,bakerloo,,,,,,,,False,False,
HUBHDN,Harlesden,3,HUBHDN-Plat02-NB-bakerloo|london-overground,lioness,,,,,,,,False,False,
HUBHDN,Harlesden,3,HUBHDN-Plat02-NB-bakerloo|london-overground,bakerloo,,,,,,,,False,False,
HUBHHY,Highbury & Islington,2,HUBHHY-Plat01-SB-london-overground,windrush,Clapham Junction and Crystal Palace,,,,,,,False,True,
HUBHHY,Highbury & Islington,2,HUBHHY-Plat02-SB-london-overground,windrush,Clapham Junction and Crystal Palace,,,,,,,False,True,
HUBHHY,Highbury & Islington,2,HUBHHY-Plat03-NB-victoria,victoria,Tottenham Hale,0.0,85.0,,0.0,50.0,,False,False,
HUBHHY,Highbury & Islington,2,HUBHHY-Plat04-NB-national-rail,national-rail,,,,,,,,False,False,
HUBHHY,Highbury & Islington,2,HUBHHY-Plat05-SB-victoria,victoria,Brixton,0.0,85.0,,0.0,50.0,,False,False,
HUBHHY,Highbury & Islington,2,HUBHHY-Plat06-SB-national-rail,national-rail,,,,,,,,False,False,
HUBHHY,Highbury & Islington,2,HUBHHY-Plat07-WB-london-overground,mildmay,Richmond and Clapham Junction,,,,,,,False,True,
HUBHHY,Highbury & Islington,2,HUBHHY-Plat08-EB-london-overground,mildmay,Stratford,,,,,,,False,True,
HUBHMS,Hammersmith,2,HUBHMS-Plat01-EB-circle|hammersmith-city,circle,Liverpool Street,0.0,85.0,,0.0,50.0,,True,False,
HUBHMS,Hammersmith,2,HUBHMS-Plat01-EB-circle|hammersmith-city,hammersmith-city,Liverpool Street,0.0,85.0,,0.0,50.0,,True,False,
HUBHMS,Hammersmith,2,HUBHMS-Plat01-WB-district,district,Turnham Green,0.0,85.0,,0.0,50.0,,True,False,
HUBHMS,Hammersmith,2,HUBHMS-Plat02-EB-circle|hammersmith-city,circle,Liverpool Street,0.0,85.0,,0.0,50.0,,True,False,
HUBHMS,Hammersmith,2,HUBHMS-Plat02-EB-circle|hammersmith-city,hammersmith-city,Liverpool Street,0.0,85.0,,0.0,50.0,,True,False,
HUBHMS,Hammersmith,2,HUBHMS-Plat02-WB-piccadilly,piccadilly,Acton Town,0.0,102.0,,0.0,50.0,,True,False,
HUBHMS,Hammersmith,2,HUBHMS-Plat03-EB-circle|hammersmith-city,circle,Liverpool Street,0.0,85.0,,0.0,50.0,,True,False,
HUBHMS,Hammersmith,2,HUBHMS-Plat03-EB-circle|hammersmith-city,hammersmith-city,Liverpool Street,0.0,85.0,,0.0,50.0,,True,False,
HUBHMS,Hammersmith,2,HUBHMS-Plat03-EB-piccadilly,piccadilly,Oakwood,0.0,110.0,,0.0,50.0,,True,False,
HUBHMS,Hammersmith,2,HUBHMS-Plat04-EB-district,district,Earl's Court,0.0,85.0,,0.0,50.0,,True,False,
HUBHOH,Harrow-on-the-Hill,5,HUBHOH-Plat01-NB-metropolitan|national-rail,metropolitan,,0.0,85.0,,0.0,50.0,,True,False,
HUBHOH,Harrow-on-the-Hill,5,HUBHOH-Plat01-NB-metropolitan|national-rail,national-rail,,,,,,,,False,True,
HUBHOH,Harrow-on-the-Hill,5,HUBHOH-Plat02-SB-national-rail,national-rail,,,,,,,,False,True,
HUBHOH,Harrow-on-the-Hill,5,HUBHOH-Plat03-NB-metropolitan,metropolitan,,0.0,85.0,,0.0,50.0,,True,False,
HUBHOH,Harrow-on-the-Hill,5,HUBHOH-Plat04-NB-metropolitan,metropolitan,,0.0,85.0,,0.0,50.0,,True,False,
HUBHOH,Harrow-on-the-Hill,5,HUBHOH-Plat05-SB-metropolitan,metropolitan,,0.0,85.0,,0.0,50.0,,True,False,
HUBHOH,Harrow-on-the-Hill,5,HUBHOH-Plat06-SB-metropolitan,metropolitan,,0.0,85.0,,0.0,50.0,,True,False,
HUBHRW,Harrow & Wealdstone,5,HUBHRW-Plat01-NB-bakerloo|london-overground,bakerloo,Harrow & Wealdstone,,,,,,,False,True,
HUBHRW,Harrow & Wealdstone,5,HUBHRW-Plat01-NB-bakerloo|london-overground,lioness,Watford Junction,0.0,28.0,,0.0,151.0,,False,True,
HUBHRW,Harrow & Wealdstone,5,HUBHRW-Plat02-SB-bakerloo|london-overground,bakerloo,Oxford Circus,0.0,60.0,,0.0,217.0,,False,True,
HUBHRW,Harrow & Wealdstone,5,HUBHRW-Plat02-SB-bakerloo|london-overground,lioness,Euston,0.0,8.0,,0.0,168.0,,False,True,
HUBHRW,Harrow & Wealdstone,5,HUBHRW-Plat03-NB-national-rail,national-rail,,,,,,,,False,True,
HUBHRW,Harrow & Wealdstone,5,HUBHRW-Plat04-SB-national-rail,national-rail,,,,,,,,False,True,
HUBHRW,Harrow & Wealdstone,5,HUBHRW-Plat05-NB-national-rail,national-rail,,,,,,,,False,True,
HUBHRW,Harrow & Wealdstone,5,HUBHRW-Plat06-SB-national-rail,national-rail,,,,,,,,False,True,
HUBHX4,Heathrow Terminal 4,6,HUBHX4-Plat01-WB-elizabeth,elizabeth,,,,,,,,True,False,
HUBHX4,Heathrow Terminal 4,6,HUBHX4-Plat02-WB-elizabeth,elizabeth,,,,,,,,True,False,
HUBHX4,Heathrow Terminal 4,6,HUBHX4-Plat01-EB-piccadilly,piccadilly,,0.0,85.0,,0.0,50.0,,True,False,
HUBHX5,Heathrow Terminal 5,6,HUBHX5-Plat03-EB-elizabeth|national-rail,elizabeth,,,,,,,,True,False,
HUBHX5,Heathrow Terminal 5,6,HUBHX5-Plat03-EB-elizabeth|national-rail,national-rail,,,,,,,,True,False,
HUBHX5,Heathrow Terminal 5,6,HUBHX5-Plat04-EB-elizabeth|national-rail,elizabeth,,,,,,,,True,False,
HUBHX5,Heathrow Terminal 5,6,HUBHX5-Plat04-EB-elizabeth|national-rail,national-rail,,,,,,,,True,False,
HUBHX5,Heathrow Terminal 5,6,HUBHX5-Plat05-EB-piccadilly,piccadilly,Oakwood,,,94.0,,,22.0,False,True,
HUBHX5,Heathrow Terminal 5,6,HUBHX5-Plat06-EB-piccadilly,piccadilly,Oakwood,,,94.0,,,22.0,False,True,
HUBIMP,Imperial Wharf,2,HUBIMP-Plat01-SB-london-overground|national-rail,mildmay,Clapham Junction,,,,,,,False,True,
HUBIMP,Imperial Wharf,2,HUBIMP-Plat01-SB-london-overground|national-rail,national-rail,,,,,,,,False,True,
HUBIMP,Imperial Wharf,2,HUBIMP-Plat02-NB-london-overground|national-rail,mildmay,Stratford,,,,,,,False,True,
HUBIMP,Imperial Wharf,2,HUBIMP-Plat02-NB-london-overground|national-rail,national-rail,,,,,,,,False,True,
HUBKGX,King's Cross St Pancras,1,910GKNGX-Plat00-NB-national-rail,national-rail,,,,,,,,False,True,"Not operated by TfL. If you need assistance, please check assisted travel at www.thameslinkrailway.co.uk"
HUBKGX,King's Cross St Pancras,1,910GKNGX-Plat01-NB-national-rail,national-rail,,,,,,,,False,True,"Not operated by TfL. If you need assistance, please check assisted travel at www.thameslinkrailway.co.uk"
HUBKGX,King's Cross St Pancras,1,HUBKGX-Plat01-WB-circle|hammersmith-city|metropolitan,circle,Edgware Road,0.0,85.0,,0.0,50.0,,True,False,
HUBKGX,King's Cross St Pancras,1,HUBKGX-Plat01-WB-circle|hammersmith-city|metropolitan,hammersmith-city,Hammersmith,0.0,85.0,,0.0,50.0,,True,False,
HUBKGX,King's Cross St Pancras,1,HUBKGX-Plat01-WB-circle|hammersmith-city|metropolitan,metropolitan,"Amersham, Chesham, Uxbridge and Watford",0.0,85.0,,0.0,50.0,,True,False,
HUBKGX,King's Cross St Pancras,1,HUBKGX-Plat02-EB-circle|hammersmith-city|metropolitan,circle,Liverpool Street,0.0,85.0,,0.0,50.0,,True,False,
HUBKGX,King's Cross St Pancras,1,HUBKGX-Plat02-EB-circle|hammersmith-city|metropolitan,hammersmith-city,Liverpool Street,0.0,85.0,,0.0,50.0,,True,False,
HUBKGX,King's Cross St Pancras,1,HUBKGX-Plat02-EB-circle|hammersmith-city|metropolitan,metropolitan,Liverpool Street,0.0,85.0,,0.0,50.0,,True,False,
HUBKGX,King's Cross St Pancras,1,910GKNGX-Plat02-NB-national-rail,national-rail,,,,,,,,False,True,"Not operated by TfL. If you need assistance, please check assisted travel at www.thameslinkrailway.co.uk"
HUBKGX,King's Cross St Pancras,1,910GKNGX-Plat03-NB-national-rail,national-rail,,,,,,,,False,True,"Not operated by TfL. If you need assistance, please check assisted travel at www.thameslinkrailway.co.uk"
HUBKGX,King's Cross St Pancras,1,HUBKGX-Plat03-NB-victoria,victoria,Tottenham Hale,0.0,85.0,,0.0,50.0,,True,False,
HUBKGX,King's Cross St Pancras,1,910GKNGX-Plat04-NB-national-rail,national-rail,,,,,,,,False,True,"Not operated by TfL. If you need assistance, please check assisted travel at www.thameslinkrailway.co.uk"
HUBKGX,King's Cross St Pancras,1,HUBKGX-Plat04-SB-victoria,victoria,Brixton,0.0,85.0,,0.0,50.0,,True,False,
HUBKGX,King's Cross St Pancras,1,910GKNGX-Plat05-NB-national-rail,national-rail,,,,,,,,False,True,"Not operated by TfL. If you need assistance, please check assisted travel at www.thameslinkrailway.co.uk"
HUBKGX,King's Cross St Pancras,1,HUBKGX-Plat05-WB-piccadilly,piccadilly,Heathrow,0.0,85.0,,0.0,50.0,,True,False,
HUBKGX,King's Cross St Pancras,1,HUBKGX-Plat06-EB-piccadilly,piccadilly,Oakwood,0.0,85.0,,0.0,50.0,,True,False,
HUBKGX,King's Cross St Pancras,1,910GKNGX-Plat06-NB-national-rail,national-rail,,,,,,,,False,True,"Not operated by TfL. If you need assistance, please check assisted travel at www.thameslinkrailway.co.uk"
HUBKGX,King's Cross St Pancras,1,HUBKGX-Plat07-NB-northern,northern,Edgware and High Barnet,0.0,85.0,,0.0,50.0,,True,False,
HUBKGX,King's Cross St Pancras,1,910GKNGX-Plat07-NB-national-rail,national-rail,,,,,,,,False,True,"Not operated by TfL. If you need assistance, please check assisted travel at www.thameslinkrailway.co.uk"
HUBKGX,King's Cross St Pancras,1,910GKNGX-Plat08-NB-national-rail,national-rail,,,,,,,,False,True,"Not operated by TfL. If you need assistance, please check assisted travel at www.thameslinkrailway.co.uk"
HUBKGX,King's Cross St Pancras,1,HUBKGX-Plat08-SB-northern,northern,Morden,0.0,85.0,,0.0,50.0,,True,False,
HUBKGX,King's Cross St Pancras,1,910GKNGX-Plat09-NB-national-rail,national-rail,,,,,,,,False,True,"Not operated by TfL. If you need assistance, please check assisted travel at www.thameslinkrailway.co.uk"
HUBKGX,King's Cross St Pancras,1,910GKNGX-Plat10-NB-national-rail,national-rail,,,,,,,,False,True,"Not operated by TfL. If you need assistance, please check assisted travel at www.thameslinkrailway.co.uk"
HUBKGX,King's Cross St Pancras,1,910GKNGX-Plat11-NB-national-rail,national-rail,,,,,,,,False,True,"Not operated by TfL. If you need assistance, please check assisted travel at www.thameslinkrailway.co.uk"
HUBKNL,Kensal Green,2,HUBKNL-Plat01-SB-bakerloo|london-overground,bakerloo,,,,,,,,False,False,
HUBKNL,Kensal Green,2,HUBKNL-Plat01-SB-bakerloo|london-overground,lioness,,,,,,,,False,False,
HUBKNL,Kensal Green,2,HUBKNL-Plat02-NB-bakerloo|london-overground,bakerloo,,,,,,,,False,False,
HUBKNL,Kensal Green,2,HUBKNL-Plat02-NB-bakerloo|london-overground,lioness,,,,,,,,False,False,
HUBKNT,Kenton,4,HUBKNT-Plat01-SB-bakerloo|london-overground,bakerloo,,,,,,,,False,False,
HUBKNT,Kenton,4,HUBKNT-Plat01-SB-bakerloo|london-overground,lioness,,,,,,,,False,False,
HUBKNT,Kenton,4,HUBKNT-Plat02-NB-bakerloo|london-overground,bakerloo,,,,,,,,False,False,
HUBKNT,Kenton,4,HUBKNT-Plat02-NB-bakerloo|london-overground,lioness,,,,,,,,False,False,
HUBKPA,Kensington (Olympia),2,HUBKPA-Plat01-EB-district,district,High Street Kensington,0.0,50.0,,0.0,123.0,,False,True,Use the Olympia Way entrance for District line or London Overground northbound platform. 
HUBKPA,Kensington (Olympia),2,HUBKPA-Plat02-NB-london-overground|national-rail,mildmay,Stratford,,,,,,,False,True,Use the Olympia Way entrance for District line or London Overground northbound platform. 
HUBKPA,Kensington (Olympia),2,HUBKPA-Plat02-NB-london-overground|national-rail,national-rail,,,,,,,,False,True,Use the Olympia Way entrance for District line or London Overground northbound platform. 
HUBKPA,Kensington (Olympia),2,HUBKPA-Plat03-SB-london-overground|national-rail,mildmay,Clapham Junction,,,,,,,False,True,Use the Russell Road entrance for London Overground southbound platform. 
HUBKPA,Kensington (Olympia),2,HUBKPA-Plat03-SB-london-overground|national-rail,national-rail,,,,,,,,False,True,Use the Russell Road entrance for London Overground southbound platform. 
HUBKTN,Kentish Town,2,HUBKTN-Plat01-NB-northern,northern,,,,,,,,False,False,
HUBKTN,Kentish Town,2,HUBKTN-Plat01-SB-national-rail,national-rail,,,,,,,,False,False,"Not operated by TfL. If you need assistance, please check assisted travel at www.thameslinkrailway.co.uk"
HUBKTN,Kentish Town,2,HUBKTN-Plat02-NB-national-rail,national-rail,,,,,,,,False,False,"Not operated by TfL. If you need assistance, please check assisted travel at www.thameslinkrailway.co.uk"
HUBKTN,Kentish Town,2,HUBKTN-Plat03-SB-national-rail,national-rail,,,,,,,,False,False,"Not operated by TfL. If you need assistance, please check assisted travel at www.thameslinkrailway.co.uk"
HUBKTN,Kentish Town,2,HUBKTN-Plat04-NB-national-rail,national-rail,,,,,,,,False,False,"Not operated by TfL. If you need assistance, please check assisted travel at www.thameslinkrailway.co.uk"
HUBKTN,Kentish Town,2,HUBKTN-Plat02-SB-northern,northern,,,,,,,,False,False,
HUBKWG,Kew Gardens,3|4,HUBKWG-Plat01-EB-district|london-overground,district,Earl's Court,0.0,85.0,,0.0,50.0,,False,False,
HUBKWG,Kew Gardens,3|4,HUBKWG-Plat01-EB-district|london-overground,mildmay,Stratford,0.0,73.0,,0.0,227.0,,False,True,
HUBKWG,Kew Gardens,3|4,HUBKWG-Plat02-WB-district|london-overground,district,Richmond,0.0,50.0,,0.0,153.0,,False,True,
HUBKWG,Kew Gardens,3|4,HUBKWG-Plat02-WB-district|london-overground,mildmay,Richmond,0.0,50.0,,0.0,153.0,,False,True,
HUBLBG,London Bridge,1,HUBLBG-Plat01-NB-northern,northern,Edgware and High Barnet,0.0,85.0,,0.0,50.0,,True,False,"London Bridge (National Rail) A, Use station entrance on Borough High Street for step-free access to Northern line. Use station entrance on Duke Street Hill / Tooley Street for step-free access to Jubilee line. Step-free line interchange requires a 410m journey via street and lifts, please follow signs. Jubilee line: for level access leaving the train at Green Park or Wembley Park, please travel in the correct carriage."
HUBLBG,London Bridge,1,HUBLBG-Plat02-SB-northern,northern,Morden,0.0,85.0,,0.0,50.0,,True,False,
HUBLBG,London Bridge,1,HUBLBG-Plat03-WB-jubilee,jubilee,Stanmore,0.0,85.0,,0.0,50.0,,True,False,
HUBLBG,London Bridge,1,HUBLBG-Plat04-EB-jubilee,jubilee,Stratford,0.0,85.0,,0.0,50.0,,True,False,
HUBLBG,London Bridge,1,HUBLBG-Plat04-SB-national-rail,national-rail,,0.0,85.0,,0.0,50.0,,True,False,"Not operated by TfL. If you need assistance, please check assisted travel at www.thameslinkrailway.co.uk"
HUBLBG,London Bridge,1,HUBLBG-Plat05-NB-national-rail,national-rail,,0.0,85.0,,0.0,50.0,,True,False,"Not operated by TfL. If you need assistance, please check assisted travel at www.thameslinkrailway.co.uk"
HUBLCY,London City Airport,3,HUBLCY-Plat01-SB-dlr,dlr,Woolwich Arsenal,0.0,85.0,,0.0,50.0,,False,False,
HUBLCY,London City Airport,3,HUBLCY-Plat02-NB-dlr,dlr,Bank and Stratford,0.0,85.0,,0.0,50.0,,False,False,
HUBLEW,Lewisham,2|3,HUBLEW-Plat05-NB-dlr,dlr,Canary Wharf,0.0,85.0,,0.0,50.0,,False,False,
HUBLEW,Lewisham,2|3,HUBLEW-Plat06-NB-dlr,dlr,Canary Wharf,0.0,85.0,,0.0,50.0,,False,False,
HUBLHS,Limehouse,2,HUBLHS-Plat01-EB-national-rail,national-rail,,,,,,,,False,True,
HUBLHS,Limehouse,2,HUBLHS-Plat02-WB-national-rail,national-rail,,,,,,,,False,True,
HUBLHS,Limehouse,2,HUBLHS-Plat03-EB-dlr,dlr,Westferry,0.0,85.0,,0.0,50.0,,False,False,
HUBLHS,Limehouse,2,HUBLHS-Plat04-WB-dlr,dlr,Shadwell,0.0,85.0,,0.0,50.0,,False,False,
HUBLST,Liverpool Street,1,HUBLST-Plat01-EB-circle|hammersmith-city|metropolitan,circle,Monument,0.0,85.0,,0.0,50.0,,True,False,
HUBLST,Liverpool Street,1,HUBLST-Plat01-EB-circle|hammersmith-city|metropolitan,hammersmith-city,Barking,0.0,85.0,,0.0,50.0,,True,False,
HUBLST,Liverpool Street,1,HUBLST-Plat01-EB-circle|hammersmith-city|metropolitan,metropolitan,Liverpool Street,0.0,85.0,,0.0,50.0,,True,False,
HUBLST,Liverpool Street,1,HUBLST-Plat01-EB-london-overground|national-rail,weaver,"Enfield Town, Cheshunt and Chingford",,,,,,,False,True,
HUBLST,Liverpool Street,1,HUBLST-Plat01-EB-london-overground|national-rail,national-rail,,,,,,,,False,True,
HUBLST,Liverpool Street,1,HUBLST-Plat02-EB-london-overground|national-rail,weaver,"Enfield Town, Cheshunt and Chingford",,,,,,,False,True,
HUBLST,Liverpool Street,1,HUBLST-Plat02-EB-london-overground|national-rail,national-rail,,,,,,,,False,True,
HUBLST,Liverpool Street,1,HUBLST-Plat02-WB-circle|hammersmith-city|metropolitan,circle,,,,,,,,False,False,
HUBLST,Liverpool Street,1,HUBLST-Plat02-WB-circle|hammersmith-city|metropolitan,hammersmith-city,,,,,,,,False,False,
HUBLST,Liverpool Street,1,HUBLST-Plat02-WB-circle|hammersmith-city|metropolitan,metropolitan,,,,,,,,False,False,
HUBLST,Liverpool Street,1,HUBLST-Plat03-EB-london-overground|national-rail,weaver,"Enfield Town, Cheshunt and Chingford",,,,,,,False,True,
HUBLST,Liverpool Street,1,HUBLST-Plat03-EB-london-overground|national-rail,national-rail,,,,,,,,False,True,
HUBLST,Liverpool Street,1,HUBLST-Plat04-EB-central,central,,,,,,,,False,False,
HUBLST,Liverpool Street,1,HUBLST-Plat04-EB-london-overground|national-rail,weaver,"Enfield Town, Cheshunt and Chingford",,,,,,,False,True,
HUBLST,Liverpool Street,1,HUBLST-Plat04-EB-london-overground|national-rail,national-rail,,,,,,,,False,True,
HUBLST,Liverpool Street,1,HUBLST-Plat05-EB-london-overground|national-rail,weaver,"Enfield Town, Cheshunt and Chingford",,,,,,,False,True,
HUBLST,Liverpool Street,1,HUBLST-Plat05-EB-london-overground|national-rail,national-rail,,,,,,,,False,True,
HUBLST,Liverpool Street,1,HUBLST-Plat05-WB-central,central,,,,,,,,False,False,
HUBLST,Liverpool Street,1,HUBLST-Plat06-EB-london-overground|national-rail,weaver,"Enfield Town, Cheshunt and Chingford",,,,,,,False,True,
HUBLST,Liverpool Street,1,HUBLST-Plat06-EB-london-overground|national-rail,national-rail,,,,,,,,False,True,
HUBLST,Liverpool Street,1,HUBLST-Plat07-EB-london-overground|national-rail,weaver,"Enfield Town, Cheshunt and Chingford",,,,,,,False,True,
HUBLST,Liverpool Street,1,HUBLST-Plat07-EB-london-overground|national-rail,national-rail,,,,,,,,False,True,
HUBLST,Liverpool Street,1,HUBLST-Plat08-EB-london-overground|national-rail,weaver,"Enfield Town, Cheshunt and Chingford",,,,,,,False,True,
HUBLST,Liverpool Street,1,HUBLST-Plat08-EB-london-overground|national-rail,national-rail,,,,,,,,False,True,
HUBLST,Liverpool Street,1,HUBLST-Plat09-EB-national-rail,national-rail,,,,,,,,False,True,
HUBLST,Liverpool Street,1,HUBLST-Plat10-EB-national-rail,national-rail,,,,,,,,False,True,
HUBLST,Liverpool Street,1,HUBLST-Plat11-EB-national-rail,national-rail,,,,,,,,False,True,
HUBLST,Liverpool Street,1,HUBLST-Plat12-EB-national-rail,national-rail,,,,,,,,False,True,
HUBLST,Liverpool Street,1,HUBLST-Plat13-EB-national-rail,national-rail,,,,,,,,False,True,
HUBLST,Liverpool Street,1,HUBLST-Plat14-EB-national-rail,national-rail,,,,,,,,False,True,
HUBLST,Liverpool Street,1,HUBLST-Plat15-EB-elizabeth|national-rail,elizabeth,,,,,,,,False,True,
HUBLST,Liverpool Street,1,HUBLST-Plat15-EB-elizabeth|national-rail,national-rail,,,,,,,,False,True,
HUBLST,Liverpool Street,1,HUBLST-Plat16-EB-elizabeth|national-rail,elizabeth,,,,,,,,False,True,
HUBLST,Liverpool Street,1,HUBLST-Plat16-EB-elizabeth|national-rail,national-rail,,,,,,,,False,True,
HUBLST,Liverpool Street,1,HUBLST-Plat17-EB-elizabeth|national-rail,elizabeth,,,,,,,,False,True,
HUBLST,Liverpool Street,1,HUBLST-Plat17-EB-elizabeth|national-rail,national-rail,,,,,,,,False,True,
HUBLST,Liverpool Street,1,HUBLST-PlatA-EB-elizabeth,elizabeth,,,,,,,,True,False,
HUBLST,Liverpool Street,1,HUBLST-PlatB-WB-elizabeth,elizabeth,,,,,,,,True,False,
HUBMJT,Mitcham Junction,4|Trams fare zone,HUBMJT-EB-tram,tram,,0.0,85.0,,0.0,50.0,,True,False,
HUBMJT,Mitcham Junction,4|Trams fare zone,HUBMJT-Plat01-NB-national-rail,national-rail,,,,,,,,False,True,"Not operated by TfL. If you need assistance, please check assisted travel at www.thameslinkrailway.co.uk"
HUBMJT,Mitcham Junction,4|Trams fare zone,HUBMJT-Plat02-SB-national-rail,national-rail,,,,,,,,False,True,"Not operated by TfL. If you need assistance, please check assisted travel at www.thameslinkrailway.co.uk"
HUBMJT,Mitcham Junction,4|Trams fare zone,HUBMJT-WB-tram,tram,,0.0,85.0,,0.0,50.0,,True,False,
HUBMYB,Marylebone,1,HUBMYB-Plat01-NB-bakerloo,bakerloo,,,,,,,,False,False,
HUBMYB,Marylebone,1,HUBMYB-Plat02-SB-bakerloo,bakerloo,,,,,,,,False,False,
HUBMYB,Marylebone,1,HUBMYB-Plat01-NB-national-rail,national-rail,,,,,,,,False,True,
HUBMYB,Marylebone,1,HUBMYB-Plat02-NB-national-rail,national-rail,,,,,,,,False,True,
HUBMYB,Marylebone,1,HUBMYB-Plat03-NB-national-rail,national-rail,,,,,,,,False,True,
HUBMYB,Marylebone,1,HUBMYB-Plat04-NB-national-rail,national-rail,,,,,,,,False,True,
HUBMYB,Marylebone,1,HUBMYB-Plat05-NB-national-rail,national-rail,,,,,,,,False,True,
HUBMYB,Marylebone,1,HUBMYB-Plat06-NB-national-rail,national-rail,,,,,,,,False,True,
HUBNWB,North Wembley,4,HUBNWB-Plat01-SB-bakerloo|london-overground,bakerloo,,,,,,,,False,False,
HUBNWB,North Wembley,4,HUBNWB-Plat01-SB-bakerloo|london-overground,lioness,,,,,,,,False,False,
HUBNWB,North Wembley,4,HUBNWB-Plat02-NB-bakerloo|london-overground,bakerloo,,,,,,,,False,False,
HUBNWB,North Wembley,4,HUBNWB-Plat02-NB-bakerloo|london-overground,lioness,,,,,,,,False,False,
HUBNWD,Norwood Junction,4,HUBNWD-Plat01-NB-london-overground|national-rail,windrush,Dalston Junction,,,,,,,False,True,You can only enter and exit the northbound platform via the Station Road entrance
HUBNWD,Norwood Junction,4,HUBNWD-Plat03-NB-london-overground|national-rail,windrush,,,,,,,,False,False,
HUBNWD,Norwood Junction,4,HUBNWD-Plat03-NB-london-overground|national-rail,national-rail,,,,,,,,False,False,"Not operated by TfL. If you need assistance, please check assisted travel at www.thameslinkrailway.co.uk"
HUBNWD,Norwood Junction,4,HUBNWD-Plat04-SB-national-rail,national-rail,,,,,,,,False,False,"Not operated by TfL. If you need assistance, please check assisted travel at www.thameslinkrailway.co.uk"
HUBNWD,Norwood Junction,4,HUBNWD-Plat05-SB-london-overground|national-rail,windrush,,,,,,,,False,False,
HUBNWD,Norwood Junction,4,HUBNWD-Plat06-SB-london-overground|national-rail,windrush,,,,,,,,False,False,
HUBNWX,New Cross,2,HUBNWX-PlatA-NB-national-rail,national-rail,,,,,,,,False,True,
HUBNWX,New Cross,2,HUBNWX-PlatB-NB-national-rail,national-rail,,,,,,,,False,True,
HUBNWX,New Cross,2,HUBNWX-PlatC-SB-national-rail,national-rail,,,,,,,,False,True,
HUBNWX,New Cross,2,HUBNWX-PlatD-NB-london-overground,windrush,,,,,,,,False,True,
HUBNXG,New Cross Gate,2,HUBNXG-Plat01-SB-london-overground,windrush,Crystal Palace and West Croydon,,,,,,,False,True,
HUBNXG,New Cross Gate,2,HUBNXG-Plat02-SB-national-rail,national-rail,,,,,,,,False,True,
HUBNXG,New Cross Gate,2,HUBNXG-Plat03-SB-national-rail,national-rail,,,,,,,,False,True,
HUBNXG,New Cross Gate,2,HUBNXG-Plat04-NB-national-rail,national-rail,,,,,,,,False,True,
HUBNXG,New Cross Gate,2,HUBNXG-Plat05-NB-london-overground|national-rail,windrush,Dalston Junction and Highbury & Islington,,,,,,,False,True,
HUBOLD,Old Street,1,HUBOLD-Plat01-NB-northern,northern,,,,,,,,False,False,
HUBOLD,Old Street,1,HUBOLD-Plat02-SB-northern,northern,,,,,,,,False,False,
HUBOLD,Old Street,1,HUBOLD-Plat03-NB-national-rail,national-rail,,,,,,,,False,False,
HUBOLD,Old Street,1,HUBOLD-Plat04-SB-national-rail,national-rail,,,,,,,,False,False,
HUBPAD,Paddington,1,HUBPAD-Plat01-WB-circle|district,circle,,,,,,,,False,False,
HUBPAD,Paddington,1,HUBPAD-Plat01-WB-circle|district,district,,,,,,,,False,False,
HUBPAD,Paddington,1,HUBPAD-Plat02-EB-circle|district,circle,,0.0,85.0,0.0,0.0,50.0,133.0,False,False,"If travelling towards Liverpool Street, take the District Line towards Edgware Road and change there for the Circle line."
HUBPAD,Paddington,1,HUBPAD-Plat02-EB-circle|district,district,Edgware Road,0.0,85.0,0.0,0.0,50.0,133.0,False,False,"If travelling towards Liverpool Street, take the District Line towards Edgware Road and change there for the Circle line."
HUBPAD,Paddington,1,HUBPAD-Plat03-NB-bakerloo,bakerloo,,,,,,,,False,True,
HUBPAD,Paddington,1,HUBPAD-Plat04-SB-bakerloo,bakerloo,,,,,,,,False,True,
HUBPAD,Paddington,1,HUBPAD-Plat01-WB-elizabeth|national-rail,elizabeth,Heathrow,,,,,,,False,True,
HUBPAD,Paddington,1,HUBPAD-Plat01-WB-elizabeth|national-rail,national-rail,,,,,,,,False,True,
HUBPAD,Paddington,1,HUBPAD-Plat02-WB-elizabeth|national-rail,elizabeth,Heathrow,,,,,,,False,True,
HUBPAD,Paddington,1,HUBPAD-Plat02-WB-elizabeth|national-rail,national-rail,,,,,,,,False,True,
HUBPAD,Paddington,1,HUBPAD-Plat03-WB-elizabeth|national-rail,elizabeth,Heathrow,,,,,,,False,True,
HUBPAD,Paddington,1,HUBPAD-Plat03-WB-elizabeth|national-rail,national-rail,,,,,,,,False,True,
HUBPAD,Paddington,1,HUBPAD-Plat04-WB-elizabeth|national-rail,elizabeth,Heathrow,,,,,,,False,True,
HUBPAD,Paddington,1,HUBPAD-Plat04-WB-elizabeth|national-rail,national-rail,,,,,,,,False,True,
HUBPAD,Paddington,1,HUBPAD-Plat05-WB-elizabeth|national-rail,elizabeth,Heathrow,,,,,,,False,True,
HUBPAD,Paddington,1,HUBPAD-Plat05-WB-elizabeth|national-rail,national-rail,,,,,,,,False,True,
HUBPAD,Paddington,1,HUBPAD-Plat06-WB-national-rail,national-rail,,,,,,,,False,True,
HUBPAD,Paddington,1,HUBPAD-Plat07-WB-national-rail,national-rail,,,,,,,,False,True,
HUBPAD,Paddington,1,HUBPAD-Plat08-WB-elizabeth|national-rail,elizabeth,Heathrow,,,,,,,False,True,
HUBPAD,Paddington,1,HUBPAD-Plat08-WB-elizabeth|national-rail,national-rail,,,,,,,,False,True,
HUBPAD,Paddington,1,HUBPAD-Plat09-WB-elizabeth|national-rail,elizabeth,Heathrow,,,,,,,False,True,
HUBPAD,Paddington,1,HUBPAD-Plat09-WB-elizabeth|national-rail,national-rail,,,,,,,,False,True,
HUBPAD,Paddington,1,HUBPAD-Plat10-WB-elizabeth|national-rail,elizabeth,Heathrow,,,,,,,False,True,
HUBPAD,Paddington,1,HUBPAD-Plat10-WB-elizabeth|national-rail,national-rail,,,,,,,,False,True,
HUBPAD,Paddington,1,HUBPAD-Plat11-WB-elizabeth|national-rail,elizabeth,Heathrow,,,,,,,False,True,
HUBPAD,Paddington,1,HUBPAD-Plat11-WB-elizabeth|national-rail,national-rail,,,,,,,,False,True,
HUBPAD,Paddington,1,HUBPAD-Plat12-WB-elizabeth|national-rail,elizabeth,Heathrow,,,,,,,False,True,
HUBPAD,Paddington,1,HUBPAD-Plat12-WB-elizabeth|national-rail,national-rail,,,,,,,,False,True,
HUBPAD,Paddington,1,HUBPAD-Plat13-WB-national-rail,national-rail,,,,,,,,False,True,
HUBPAD,Paddington,1,HUBPAD-Plat14-WB-national-rail,national-rail,,,,,,,,False,True,
HUBPAD,Paddington,1,HUBPAD-Plat15-WB-circle|hammersmith-city,circle,Hammersmith,0.0,85.0,,0.0,50.0,,True,False,
HUBPAD,Paddington,1,HUBPAD-Plat15-WB-circle|hammersmith-city,hammersmith-city,Hammersmith,0.0,85.0,,0.0,50.0,,True,False,
HUBPAD,Paddington,1,HUBPAD-Plat16-EB-circle|hammersmith-city,circle,Edgware Road,0.0,85.0,,0.0,50.0,,True,False,
HUBPAD,Paddington,1,HUBPAD-Plat16-EB-circle|hammersmith-city,hammersmith-city,Edgware Road,0.0,85.0,,0.0,50.0,,True,False,
HUBPAD,Paddington,1,HUBPAD-PlatA-EB-elizabeth,elizabeth,,,,,,,,True,False,
HUBPAD,Paddington,1,HUBPAD-PlatB-WB-elizabeth,elizabeth,,,,,,,,True,False,
HUBQPW,Queen's Park,2,HUBQPW-Plat01-SB-bakerloo|london-overground,lioness,,,,,,,,False,False,
HUBQPW,Queen's Park,2,HUBQPW-Plat01-SB-bakerloo|london-overground,bakerloo,,,,,,,,False,False,
HUBQPW,Queen's Park,2,HUBQPW-Plat02-SB-bakerloo,bakerloo,,,,,,,,False,False,
HUBQPW,Queen's Park,2,HUBQPW-Plat03-NB-bakerloo,bakerloo,,,,,,,,False,False,
HUBQPW,Queen's Park,2,HUBQPW-Plat04-NB-bakerloo|london-overground,bakerloo,,,,,,,,False,False,
HUBQPW,Queen's Park,2,HUBQPW-Plat04-NB-bakerloo|london-overground,lioness,,,,,,,,False,False,
HUBQPW,Queen's Park,2,HUBQPW-Plat05-SB-national-rail,national-rail,,,,,,,,False,False,
HUBQPW,Queen's Park,2,HUBQPW-Plat06-NB-national-rail,national-rail,,,,,,,,False,False,
HUBRIC,Rickmansworth,7,HUBRIC-Plat01-NB-metropolitan|national-rail,metropolitan,,,,,,,,False,False,
HUBRIC,Rickmansworth,7,HUBRIC-Plat01-NB-metropolitan|national-rail,national-rail,,,,,,,,False,False,
HUBRIC,Rickmansworth,7,HUBRIC-Plat02-SB-metropolitan|national-rail,metropolitan,Liverpool Street,,,189.0,,,23.0,False,True,
HUBRIC,Rickmansworth,7,HUBRIC-Plat02-SB-metropolitan|national-rail,national-rail,,,,189.0,,,23.0,False,True,
HUBRMD,Richmond,4,HUBRMD-Plat01-WB-national-rail,national-rail,,,,,,,,False,False,
HUBRMD,Richmond,4,HUBRMD-Plat02-EB-national-rail,national-rail,,,,,,,,False,False,
HUBRMD,Richmond,4,HUBRMD-Plat03-EB-district|london-overground|national-rail,district,Upminster,0.0,85.0,,0.0,50.0,,False,False,
HUBRMD,Richmond,4,HUBRMD-Plat03-EB-district|london-overground|national-rail,mildmay,Stratford,,,,,,,False,True,
HUBRMD,Richmond,4,HUBRMD-Plat03-EB-district|london-overground|national-rail,national-rail,,,,,,,,False,False,
HUBRMD,Richmond,4,HUBRMD-Plat04-EB-district|london-overground,district,Upminster,0.0,85.0,,0.0,50.0,,False,False,
HUBRMD,Richmond,4,HUBRMD-Plat04-EB-district|london-overground,mildmay,Stratford,,,,,,,False,True,
HUBRMD,Richmond,4,HUBRMD-Plat05-EB-district|london-overground,district,Upminster,0.0,85.0,,0.0,50.0,,False,False,
HUBRMD,Richmond,4,HUBRMD-Plat05-EB-district|london-overground,mildmay,Stratford,,,,,,,False,True,
HUBRMD,Richmond,4,HUBRMD-Plat06-EB-district,district,Upminster,0.0,85.0,,0.0,50.0,,False,False,
HUBRMD,Richmond,4,HUBRMD-Plat07-EB-district,district,Upminster,0.0,85.0,,0.0,50.0,,False,False,
HUBSBP,Stonebridge Park,3,HUBSBP-Plat01-SB-bakerloo|london-overground,bakerloo,,,,,,,,False,False,
HUBSBP,Stonebridge Park,3,HUBSBP-Plat01-SB-bakerloo|london-overground,lioness,,,,,,,,False,False,
HUBSBP,Stonebridge Park,3,HUBSBP-Plat02-NB-bakerloo|london-overground,bakerloo,,,,,,,,False,False,
HUBSBP,Stonebridge Park,3,HUBSBP-Plat02-NB-bakerloo|london-overground,lioness,,,,,,,,False,False,
HUBSDE,Shadwell,2,HUBSDE-Plat01-EB-dlr,dlr,Beckton and Lewisham,0.0,85.0,,0.0,50.0,,False,False,
HUBSDE,Shadwell,2,HUBSDE-Plat01-NB-london-overground,windrush,,,,,,,,False,False,
HUBSDE,Shadwell,2,HUBSDE-Plat02-SB-london-overground,windrush,,,,,,,,False,False,
HUBSDE,Shadwell,2,HUBSDE-Plat02-WB-dlr,dlr,Bank and Tower Gateway,0.0,85.0,,0.0,50.0,,False,False,
HUBSOK,South Kenton,4,HUBSOK-Plat01-SB-bakerloo|london-overground,bakerloo,,,,,,,,False,False,
HUBSOK,South Kenton,4,HUBSOK-Plat01-SB-bakerloo|london-overground,lioness,,,,,,,,False,False,
HUBSOK,South Kenton,4,HUBSOK-Plat02-NB-bakerloo|london-overground,bakerloo,,,,,,,,False,False,
HUBSOK,South Kenton,4,HUBSOK-Plat02-NB-bakerloo|london-overground,lioness,,,,,,,,False,False,
HUBSPB,Shepherd's Bush,2,HUBSPB-Plat01-SB-london-overground|national-rail,mildmay,Clapham Junction,,,,,,,False,True,Use the ticket hall entrance for both platforms
HUBSPB,Shepherd's Bush,2,HUBSPB-Plat01-SB-london-overground|national-rail,national-rail,,,,,,,,False,False,
HUBSPB,Shepherd's Bush,2,HUBSPB-Plat01-WB-central,central,,,,,,,,False,False,
HUBSPB,Shepherd's Bush,2,HUBSPB-Plat02-EB-central,central,,,,,,,,False,False,
HUBSPB,Shepherd's Bush,2,HUBSPB-Plat02-NB-london-overground|national-rail,mildmay,Stratford,,,,,,,False,True,Use the ticket hall entrance for both platforms
HUBSPB,Shepherd's Bush,2,HUBSPB-Plat02-NB-london-overground|national-rail,national-rail,,,,,,,,False,False,
HUBSRA,Stratford,2|3,HUBSRA-Plat01-WB-london-overground,mildmay,Clapham Junction,,,,,,,False,True,
HUBSRA,Stratford,2|3,HUBSRA-Plat02-WB-london-overground,mildmay,Richmond,,,,,,,False,True,
HUBSRA,Stratford,2|3,HUBSRA-Plat03-WB-central,central,Liverpool Street,,,,,,,False,True,
HUBSRA,Stratford,2|3,HUBSRA-Plat05-WB-elizabeth|national-rail,elizabeth,Liverpool Street,,,,,,,False,True,
HUBSRA,Stratford,2|3,HUBSRA-Plat05-WB-elizabeth|national-rail,national-rail,,,,,,,,False,True,
HUBSRA,Stratford,2|3,HUBSRA-Plat06-EB-central,central,Epping,,,,,,,False,True,
HUBSRA,Stratford,2|3,HUBSRA-Plat08-EB-elizabeth|national-rail,elizabeth,Shenfield,,,,,,,False,True,
HUBSRA,Stratford,2|3,HUBSRA-Plat08-EB-elizabeth|national-rail,national-rail,,,,,,,,False,True,
HUBSRA,Stratford,2|3,HUBSRA-Plat13-WB-jubilee,jubilee,Stanmore,0.0,85.0,,0.0,50.0,,False,False,"For level access leaving the train at Green Park or Wembley Park, please travel in the correct carriage. "
HUBSRA,Stratford,2|3,HUBSRA-Plat14-WB-jubilee,jubilee,Stanmore,0.0,85.0,,0.0,50.0,,False,False,"For level access leaving the train at Green Park or Wembley Park, please travel in the correct carriage. "
HUBSRA,Stratford,2|3,HUBSRA-Plat15-WB-jubilee,jubilee,Stanmore,0.0,85.0,,0.0,50.0,,False,False,"For level access leaving the train at Green Park or Wembley Park, please travel in the correct carriage. "
HUBSRA,Stratford,2|3,HUBSRA-Plat16-NB-dlr,dlr,Stratford International,0.0,85.0,,0.0,50.0,,False,False,
HUBSRA,Stratford,2|3,HUBSRA-Plat17-SB-dlr,dlr,Woolwich Arsenal,0.0,85.0,,0.0,50.0,,False,False,
HUBSRA,Stratford,2|3,HUBSRA-Plat3A-WB-central,central,Liverpool Street,,,,,,,False,True,
HUBSRA,Stratford,2|3,HUBSRA-Plat4A-WB-dlr,dlr,Canary Wharf,0.0,85.0,,0.0,50.0,,False,False,
HUBSRA,Stratford,2|3,HUBSRA-Plat4B-WB-dlr,dlr,Canary Wharf,0.0,85.0,,0.0,50.0,,False,False,
HUBSRU,South Ruislip,5,HUBSRU-Plat01-WB-central,central,,,,,,,,False,False,
HUBSRU,South Ruislip,5,HUBSRU-Plat02-EB-central,central,,,,,,,,False,False,
HUBSRU,South Ruislip,5,HUBSRU-Plat03-WB-national-rail,national-rail,,,,,,,,False,False,
HUBSRU,South Ruislip,5,HUBSRU-Plat04-EB-national-rail,national-rail,,,,,,,,False,False,
HUBSVS,Seven Sisters,3,HUBSVS-Plat01-SB-london-overground|national-rail,weaver,,,,,,,,False,False,
HUBSVS,Seven Sisters,3,HUBSVS-Plat01-SB-london-overground|national-rail,national-rail,,,,,,,,False,False,
HUBSVS,Seven Sisters,3,HUBSVS-Plat02-NB-london-overground|national-rail,weaver,,,,,,,,False,False,
HUBSVS,Seven Sisters,3,HUBSVS-Plat02-NB-london-overground|national-rail,national-rail,,,,,,,,False,False,
HUBSVS,Seven Sisters,3,HUBSVS-Plat03-NB-victoria,victoria,,,,,,,,False,False,
HUBSVS,Seven Sisters,3,HUBSVS-Plat04-NB-victoria,victoria,,,,,,,,False,False,
HUBSVS,Seven Sisters,3,HUBSVS-Plat05-SB-victoria,victoria,,,,,,,,False,False,
HUBSYD,Sydenham,3,HUBSYD-Plat01-NB-london-overground|national-rail,windrush,Highbury & Islington,,,,,,,False,True,Use the Peak Hill Gardens entrance for northbound platform
HUBSYD,Sydenham,3,HUBSYD-Plat01-NB-london-overground|national-rail,national-rail,,,,,,,,False,True,Use the Peak Hill Gardens entrance for northbound platform
HUBSYD,Sydenham,3,HUBSYD-Plat02-SB-london-overground|national-rail,windrush,Crystal Palace and West Croydon,,,,,,,False,True,Use the Station Approach emtrance for southbound platform
HUBSYD,Sydenham,3,HUBSYD-Plat02-SB-london-overground|national-rail,national-rail,,,,,,,,False,True,Use the Station Approach emtrance for southbound platform
HUBTOG,Tower Gateway,1,HUBTOG-Plat01-EB-dlr,dlr,,0.0,85.0,,0.0,50.0,,False,False,
HUBTOG,Tower Gateway,1,HUBTOG-Plat02-EB-dlr,dlr,,0.0,85.0,,0.0,50.0,,False,False,
HUBTOM,Tottenham Hale,3,HUBTOM-Plat01-NB-victoria,victoria,Walthamstow Central,0.0,85.0,,0.0,50.0,,True,False,
HUBTOM,Tottenham Hale,3,HUBTOM-Plat02-SB-victoria,victoria,Brixton,0.0,85.0,,0.0,50.0,,True,False,
HUBTOM,Tottenham Hale,3,HUBTOM-Plat02-SB-national-rail,national-rail,,,,,,,,False,True,
HUBTOM,Tottenham Hale,3,HUBTOM-Plat03-SB-national-rail,national-rail,,,,,,,,False,True,
HUBTOM,Tottenham Hale,3,HUBTOM-Plat04-NB-national-rail,national-rail,,,,,,,,False,True,
HUBUPM,Upminster,6,HUBUPM-Plat01-WB-national-rail,national-rail,,,,,,,,False,True,
HUBUPM,Upminster,6,HUBUPM-Plat1A-EB-national-rail,national-rail,,,,,,,,False,True,
HUBUPM,Upminster,6,HUBUPM-Plat02-EB-national-rail,national-rail,,,,,,,,False,True,
HUBUPM,Upminster,6,HUBUPM-Plat03-WB-district,district,Earl's Court,0.0,85.0,,0.0,50.0,,False,False,
HUBUPM,Upminster,6,HUBUPM-Plat04-WB-district,district,Earl's Court,0.0,85.0,,0.0,50.0,,False,False,
HUBUPM,Upminster,6,HUBUPM-Plat05-WB-district,district,Earl's Court,0.0,85.0,,0.0,50.0,,False,False,
HUBUPM,Upminster,6,HUBUPM-Plat06-WB-london-overground,liberty,,,,,,,,False,False,
HUBVIC,Victoria,1,HUBVIC-Plat01-WB-circle|district,circle,Edgware Road,,,,,,,False,True,
HUBVIC,Victoria,1,HUBVIC-Plat01-WB-circle|district,district,Earl's Court,,,,,,,False,True,
HUBVIC,Victoria,1,HUBVIC-Plat02-EB-circle|district,circle,Hammersmith,,,,,,,False,True,
HUBVIC,Victoria,1,HUBVIC-Plat02-EB-circle|district,district,Upminster,,,,,,,False,True,
HUBVIC,Victoria,1,HUBVIC-Plat03-NB-victoria,victoria,Walthamstow Central,0.0,85.0,,0.0,50.0,,True,False,
HUBVIC,Victoria,1,HUBVIC-Plat04-SB-victoria,victoria,Brixton,0.0,85.0,,0.0,50.0,,True,False,
HUBVIC,Victoria,1,HUBVIC-Plat01-SB-national-rail,national-rail,,,,,,,,False,True,
HUBVIC,Victoria,1,HUBVIC-Plat02-SB-national-rail,national-rail,,,,,,,,False,True,
HUBVIC,Victoria,1,HUBVIC-Plat03-SB-national-rail,national-rail,,,,,,,,False,True,
HUBVIC,Victoria,1,HUBVIC-Plat04-SB-national-rail,national-rail,,,,,,,,False,True,
HUBVIC,Victoria,1,HUBVIC-Plat05-SB-national-rail,national-rail,,,,,,,,False,True,
HUBVIC,Victoria,1,HUBVIC-Plat06-SB-national-rail,national-rail,,,,,,,,False,True,
HUBVIC,Victoria,1,HUBVIC-Plat07-SB-national-rail,national-rail,,,,,,,,False,True,
HUBVIC,Victoria,1,HUBVIC-Plat08-SB-national-rail,national-rail,,,,,,,,False,True,
HUBVIC,Victoria,1,HUBVIC-Plat09-SB-national-rail,national-rail,,,,,,,,False,True,
HUBVIC,Victoria,1,HUBVIC-Plat10-SB-national-rail,national-rail,,,,,,,,False,True,
HUBVIC,Victoria,1,HUBVIC-Plat11-SB-national-rail,national-rail,,,,,,,,False,True,
HUBVIC,Victoria,1,HUBVIC-Plat12-SB-national-rail,national-rail,,,,,,,,False,True,
HUBVIC,Victoria,1,HUBVIC-Plat13-SB-national-rail,national-rail,,,,,,,,False,True,
HUBVIC,Victoria,1,HUBVIC-Plat14-SB-national-rail,national-rail,,,,,,,,False,True,
HUBVIC,Victoria,1,HUBVIC-Plat15-SB-national-rail,national-rail,,,,,,,,False,True,
HUBVIC,Victoria,1,HUBVIC-Plat16-SB-national-rail,national-rail,,,,,,,,False,True,
HUBVIC,Victoria,1,HUBVIC-Plat17-SB-national-rail,national-rail,,,,,,,,False,True,
HUBVIC,Victoria,1,HUBVIC-Plat18-SB-national-rail,national-rail,,,,,,,,False,True,
HUBVIC,Victoria,1,HUBVIC-Plat19-SB-national-rail,national-rail,,,,,,,,False,True,
HUBVXH,Vauxhall,1|2,HUBVXH-Plat01-NB-victoria,victoria,Walthamstow Central,0.0,85.0,,0.0,50.0,,True,False,
HUBVXH,Vauxhall,1|2,HUBVXH-Plat02-SB-victoria,victoria,Brixton,0.0,85.0,,0.0,50.0,,True,False,
HUBVXH,Vauxhall,1|2,HUBVXH-Plat01-NB-national-rail,national-rail,,,,,,,,False,True,
HUBVXH,Vauxhall,1|2,HUBVXH-Plat02-SB-national-rail,national-rail,,,,,,,,False,True,
HUBVXH,Vauxhall,1|2,HUBVXH-Plat03-NB-national-rail,national-rail,,,,,,,,False,True,
HUBVXH,Vauxhall,1|2,HUBVXH-Plat04-SB-national-rail,national-rail,,,,,,,,False,True,
HUBVXH,Vauxhall,1|2,HUBVXH-Plat05-NB-national-rail,national-rail,,,,,,,,False,True,
HUBVXH,Vauxhall,1|2,HUBVXH-Plat06-SB-national-rail,national-rail,,,,,,,,False,True,
HUBVXH,Vauxhall,1|2,HUBVXH-Plat07-NB-national-rail,national-rail,,,,,,,,False,True,
HUBVXH,Vauxhall,1|2,HUBVXH-Plat08-SB-national-rail,national-rail,,,,,,,,False,True,
HUBWAT,Waterloo,1,HUBWAT-Plat01-NB-northern,northern,,,,,,,,False,False,
HUBWAT,Waterloo,1,HUBWAT-Plat02-SB-northern,northern,,,,,,,,False,False,
HUBWAT,Waterloo,1,HUBWAT-Plat03-NB-bakerloo,bakerloo,,,,,,,,False,False,
HUBWAT,Waterloo,1,HUBWAT-Plat04-SB-bakerloo,bakerloo,,,,,,,,False,False,
HUBWAT,Waterloo,1,HUBWAT-Plat05-WB-jubilee,jubilee,Stanmore,0.0,85.0,,0.0,50.0,,False,False,"For level access leaving the train at Green Park or Wembley Park, please travel in the correct carriage."
HUBWAT,Waterloo,1,HUBWAT-Plat06-EB-jubilee,jubilee,Stratford,0.0,85.0,,0.0,50.0,,False,False,
HUBWAT,Waterloo,1,HUBWAT-Plat25-EB-waterloo-city,waterloo-city,,,,,,,,False,False,
HUBWAT,Waterloo,1,HUBWAT-Plat26-WB-waterloo-city,waterloo-city,,,,,,,,False,True,
HUBWBP,West Brompton,2,HUBWBP-Plat01-WB-district,district,,,,,,,,False,False,
HUBWBP,West Brompton,2,HUBWBP-Plat02-EB-district,district,Edgware Road,0.0,85.0,,0.0,50.0,,False,False,
HUBWBP,West Brompton,2,HUBWBP-Plat03-SB-london-overground|national-rail,mildmay,Clapham Junction,,,,,,,False,True,
HUBWBP,West Brompton,2,HUBWBP-Plat03-SB-london-overground|national-rail,national-rail,,,,,,,,False,True,
HUBWBP,West Brompton,2,HUBWBP-Plat04-NB-london-overground|national-rail,mildmay,Willesden Junction,,,,,,,False,True,
HUBWBP,West Brompton,2,HUBWBP-Plat04-NB-london-overground|national-rail,national-rail,,,,,,,,False,True,
HUBWCY,West Croydon,5|Trams fare zone,HUBWCY-EB-tram,tram,,0.0,85.0,,0.0,50.0,,True,False,
HUBWCY,West Croydon,5|Trams fare zone,HUBWCY-Plat01-NB-london-overground|national-rail,windrush,Highbury & Islington,,,,,,,False,True,
HUBWCY,West Croydon,5|Trams fare zone,HUBWCY-Plat01-NB-london-overground|national-rail,national-rail,,,,,,,,False,True,
HUBWCY,West Croydon,5|Trams fare zone,HUBWCY-Plat03-NB-national-rail,national-rail,,,,,,,,False,True,
HUBWCY,West Croydon,5|Trams fare zone,HUBWCY-Plat04-SB-national-rail,national-rail,,,,,,,,False,True,
HUBWEH,West Ham,2|3,HUBWEH-Plat01-WB-district|hammersmith-city,district,Earl's Court,0.0,85.0,,0.0,50.0,,False,False,
HUBWEH,West Ham,2|3,HUBWEH-Plat01-WB-district|hammersmith-city,hammersmith-city,Hammersmith,0.0,85.0,,0.0,50.0,,False,False,
HUBWEH,West Ham,2|3,HUBWEH-Plat02-EB-district|hammersmith-city,district,Upminster,0.0,85.0,,0.0,50.0,,False,False,
HUBWEH,West Ham,2|3,HUBWEH-Plat02-EB-district|hammersmith-city,hammersmith-city,Barking,0.0,85.0,,0.0,50.0,,False,False,
HUBWEH,West Ham,2|3,HUBWEH-Plat03-SB-dlr,dlr,Canning Town,0.0,85.0,,0.0,50.0,,False,False,
HUBWEH,West Ham,2|3,HUBWEH-Plat04-NB-dlr,dlr,Stratford,0.0,85.0,,0.0,50.0,,False,False,
HUBWEH,West Ham,2|3,HUBWEH-Plat05-WB-jubilee,jubilee,Stanmore,0.0,85.0,,0.0,50.0,,False,False,
HUBWEH,West Ham,2|3,HUBWEH-Plat06-EB-jubilee,jubilee,Stratford,0.0,85.0,,0.0,50.0,,False,False,
HUBWEH,West Ham,2|3,HUBWEH-Plat07-WB-national-rail,national-rail,,,,,,,,False,True,
HUBWEH,West Ham,2|3,HUBWEH-Plat08-EB-national-rail,national-rail,,,,,,,,False,True,
HUBWFJ,Watford Junction,Outside,HUBWFJ-Plat01-SB-london-overground,lioness,Euston,,,,,,,False,True,
HUBWFJ,Watford Junction,Outside,HUBWFJ-Plat02-SB-london-overground,lioness,Euston,,,,,,,False,True,
HUBWFJ,Watford Junction,Outside,HUBWFJ-Plat03-SB-london-overground,lioness,Euston,,,,,,,False,True,
HUBWFJ,Watford Junction,Outside,HUBWFJ-Plat04-SB-london-overground,lioness,Euston,,,,,,,False,True,
HUBWFJ,Watford Junction,Outside,HUBWFJ-Plat06-NB-national-rail,national-rail,,,,,,,,False,True,
HUBWFJ,Watford Junction,Outside,HUBWFJ-Plat07-SB-national-rail,national-rail,,,,,,,,False,True,
HUBWFJ,Watford Junction,Outside,HUBWFJ-Plat08-NB-national-rail,national-rail,,,,,,,,False,True,
HUBWFJ,Watford Junction,Outside,HUBWFJ-Plat09-SB-national-rail,national-rail,,,,,,,,False,True,
HUBWFJ,Watford Junction,Outside,HUBWFJ-Plat10-SB-national-rail,national-rail,,,,,,,,False,True,
HUBWFJ,Watford Junction,Outside,HUBWFJ-Plat11-NB-national-rail,national-rail,,,,,,,,False,True,
HUBWHC,Walthamstow Central,3,HUBWHC-Plat01-SB-london-overground,weaver,Liverpool Street,,,,,,,False,True,Use the Station Approach entrance for southbound platform
HUBWHC,Walthamstow Central,3,HUBWHC-Plat01-SB-victoria,victoria,,,,,,,,False,False,
HUBWHC,Walthamstow Central,3,HUBWHC-Plat02-NB-london-overground,weaver,Chingford,,,,,,,False,True,Use the Selborne Road entrance for westbound platform
HUBWHC,Walthamstow Central,3,HUBWHC-Plat02-SB-victoria,victoria,,,,,,,,False,False,
HUBWIJ,Willesden Junction,2|3,HUBWIJ-Plat01-SB-bakerloo|london-overground,bakerloo,Oxford Circus,,,,,,,False,True,
HUBWIJ,Willesden Junction,2|3,HUBWIJ-Plat01-SB-bakerloo|london-overground,lioness,Euston,,,,,,,False,True,
HUBWIJ,Willesden Junction,2|3,HUBWIJ-Plat02-EB-london-overground,mildmay,Stratford,,,,,,,False,True,
HUBWIJ,Willesden Junction,2|3,HUBWIJ-Plat02-EB-london-overground,lioness,Euston,,,,,,,False,True,
HUBWIJ,Willesden Junction,2|3,HUBWIJ-Plat03-NB-bakerloo|london-overground,bakerloo,Harrow & Wealdstone,,,,,,,False,True,
HUBWIJ,Willesden Junction,2|3,HUBWIJ-Plat03-NB-bakerloo|london-overground,lioness,Watford Junction,,,,,,,False,True,
HUBWIJ,Willesden Junction,2|3,HUBWIJ-Plat04-EB-london-overground,mildmay,Stratford,,,,,,,False,True,
HUBWIJ,Willesden Junction,2|3,HUBWIJ-Plat05-WB-london-overground,mildmay,Richmond & Clapham Junction,,,,,,,False,True,
HUBWIM,Wimbledon,3|Trams fare zone,HUBWIM-EB-tram,tram,,0.0,85.0,,0.0,50.0,,True,False,
HUBWIM,Wimbledon,3|Trams fare zone,HUBWIM-Plat01-EB-district,district,Earl's Court,0.0,85.0,,0.0,50.0,,True,False,
HUBWIM,Wimbledon,3|Trams fare zone,HUBWIM-Plat02-EB-district,district,Earl's Court,0.0,85.0,,0.0,50.0,,True,False,
HUBWIM,Wimbledon,3|Trams fare zone,HUBWIM-Plat03-EB-district,district,Earl's Court,0.0,85.0,,0.0,50.0,,True,False,
HUBWIM,Wimbledon,3|Trams fare zone,HUBWIM-Plat04-EB-district,district,Earl's Court,0.0,85.0,,0.0,50.0,,True,False,
HUBWIM,Wimbledon,3|Trams fare zone,HUBWIM-Plat05-NB-national-rail,national-rail,,,,,,,,False,True,
HUBWIM,Wimbledon,3|Trams fare zone,HUBWIM-Plat06-NB-national-rail,national-rail,,,,,,,,False,True,
HUBWIM,Wimbledon,3|Trams fare zone,HUBWIM-Plat07-SB-national-rail,national-rail,,,,,,,,False,True,
HUBWIM,Wimbledon,3|Trams fare zone,HUBWIM-Plat08-SB-national-rail,national-rail,,,,,,,,False,True,
HUBWIM,Wimbledon,3|Trams fare zone,HUBWIM-Plat09-NB-national-rail,national-rail,,,,,,,,False,True,"Not operated by TfL. If you need assistance, please check assisted travel at www.thameslinkrailway.co.uk"
HUBWIM,Wimbledon,3|Trams fare zone,HUBWIM-Plat09-SB-national-rail,national-rail,,,,,,,,False,True,"Not operated by TfL. If you need assistance, please check assisted travel at www.thameslinkrailway.co.uk"
HUBWMB,Wembley Central,4,HUBWMB-Plat01-NB-bakerloo|london-overground,bakerloo,Harrow & Wealdstone,,,143.0,,,163.0,False,True,
HUBWMB,Wembley Central,4,HUBWMB-Plat01-NB-bakerloo|london-overground,lioness,Watford Junction,,,38.0,,,315.0,False,True,
HUBWMB,Wembley Central,4,HUBWMB-Plat02-SB-bakerloo|london-overground,bakerloo,Oxford Circus,,,107.0,,,157.0,False,True,
HUBWMB,Wembley Central,4,HUBWMB-Plat02-SB-bakerloo|london-overground,lioness,Euston,,,91.0,,,325.0,False,True,
HUBWMB,Wembley Central,4,HUBWMB-Plat03-NB-national-rail,national-rail,,,,,,,,False,True,
HUBWMB,Wembley Central,4,HUBWMB-Plat04-SB-national-rail,national-rail,,,,,,,,False,True,
HUBWMB,Wembley Central,4,HUBWMB-Plat05-NB-national-rail,national-rail,,,,,,,,False,True,
HUBWMB,Wembley Central,4,HUBWMB-Plat06-SB-national-rail,national-rail,,,,,,,,False,True,
HUBWRU,West Ruislip,6,HUBWRU-Plat01-EB-central,central,,,,,,,,False,False,
HUBWRU,West Ruislip,6,HUBWRU-Plat02-EB-central,central,,,,,,,,False,False,
HUBWRU,West Ruislip,6,HUBWRU-Plat03-WB-national-rail,national-rail,,,,,,,,False,False,
HUBWRU,West Ruislip,6,HUBWRU-Plat04-EB-national-rail,national-rail,,,,,,,,False,True,
HUBWSM,Westminster,1,HUBWSM-Plat01-WB-circle|district,circle,High Street Kensington,,,,,,,False,True,
HUBWSM,Westminster,1,HUBWSM-Plat01-WB-circle|district,district,Earl's Court,,,,,,,False,True,
HUBWSM,Westminster,1,HUBWSM-Plat02-EB-circle|district,circle,Liverpool Street,,,,,,,False,True,
HUBWSM,Westminster,1,HUBWSM-Plat02-EB-circle|district,district,Upminster,,,,,,,False,True,
HUBWSM,Westminster,1,HUBWSM-Plat03-EB-jubilee,jubilee,Stratford,0.0,85.0,,0.0,50.0,,False,False,
HUBWSM,Westminster,1,HUBWSM-Plat04-WB-jubilee,jubilee,Stanmore,0.0,85.0,,0.0,50.0,,False,False,
HUBWWA,Woolwich Arsenal,4,HUBWWA-Plat01-WB-national-rail,national-rail,,,,,,,,False,True,"Not operated by TfL. If you need assistance, please check assisted travel at www.thameslinkrailway.co.uk"
HUBWWA,Woolwich Arsenal,4,HUBWWA-Plat02-EB-national-rail,national-rail,,,,,,,,False,True,"Not operated by TfL. If you need assistance, please check assisted travel at www.thameslinkrailway.co.uk"
HUBWWA,Woolwich Arsenal,4,HUBWWA-Plat03-NB-dlr,dlr,Canning Town,0.0,85.0,,0.0,50.0,,False,False,
HUBWWA,Woolwich Arsenal,4,HUBWWA-Plat04-NB-dlr,dlr,Canning Town,0.0,85.0,,0.0,50.0,,False,False,
HUBZCW,Canada Water,2,HUBZCW-Plat01-WB-jubilee,jubilee,Stanmore,0.0,85.0,,0.0,50.0,,False,False,"For level access leaving the train at Green Park or Wembley Park, please travel in the correct carriage."
HUBZCW,Canada Water,2,HUBZCW-Plat02-EB-jubilee,jubilee,Stratford,0.0,85.0,,0.0,50.0,,False,False,
HUBZCW,Canada Water,2,HUBZCW-Plat03-SB-london-overground,windrush,"New Cross, Clapham Junction, Crystal Palace and West Croydon",0.0,85.0,,0.0,50.0,,False,False,
HUBZCW,Canada Water,2,HUBZCW-Plat04-NB-london-overground,windrush,Highbury & Islington,0.0,85.0,,0.0,50.0,,False,False,
HUBZFD,Farringdon,1,HUBZFD-Plat01-EB-circle|hammersmith-city|metropolitan,circle,Monument,0.0,77.0,,0.0,150.0,,False,True,
HUBZFD,Farringdon,1,HUBZFD-Plat01-EB-circle|hammersmith-city|metropolitan,hammersmith-city,Liverpool Street,0.0,77.0,,0.0,150.0,,False,True,
HUBZFD,Farringdon,1,HUBZFD-Plat01-EB-circle|hammersmith-city|metropolitan,metropolitan,Liverpool Street,0.0,188.0,,0.0,0.0,,False,True,
HUBZFD,Farringdon,1,HUBZFD-Plat02-WB-circle|hammersmith-city|metropolitan,circle,Edgware Road,0.0,60.0,,0.0,163.0,,False,True,"Step free access to Westbound trains from Barbican is available via lifts within Farringdon's Long Lane entrance. The Long Lane entrance to Farringdon station is open between 06:30 and 23:00 on Monday to Saturday (extended opening hours apply from Monday 5 September). It is not open on Sundays. When this entrance is closed, step-free access is available at Farringdon Station."
HUBZFD,Farringdon,1,HUBZFD-Plat02-WB-circle|hammersmith-city|metropolitan,hammersmith-city,Edgware Road,0.0,60.0,,0.0,163.0,,False,True,"Step free access to Westbound trains from Barbican is available via lifts within Farringdon's Long Lane entrance. The Long Lane entrance to Farringdon station is open between 06:30 and 23:00 on Monday to Saturday (extended opening hours apply from Monday 5 September). It is not open on Sundays. When this entrance is closed, step-free access is available at Farringdon Station."
HUBZFD,Farringdon,1,HUBZFD-Plat02-WB-circle|hammersmith-city|metropolitan,metropolitan,Harrow-on-the-Hill,0.0,180.0,,0.0,1.0,,False,True,"Step free access to Westbound trains from Barbican is available via lifts within Farringdon's Long Lane entrance. The Long Lane entrance to Farringdon station is open between 06:30 and 23:00 on Monday to Saturday (extended opening hours apply from Monday 5 September). It is not open on Sundays. When this entrance is closed, step-free access is available at Farringdon Station."
HUBZFD,Farringdon,1,HUBZFD-Plat03-SB-national-rail,national-rail,,0.0,85.0,,0.0,50.0,,True,False,"Not operated by TfL. If you need assistance, please check assisted travel at www.thameslinkrailway.co.uk"
HUBZFD,Farringdon,1,HUBZFD-Plat04-NB-national-rail,national-rail,,0.0,85.0,,0.0,50.0,,True,False,"Not operated by TfL. If you need assistance, please check assisted travel at www.thameslinkrailway.co.uk"
HUBZFD,Farringdon,1,HUBZFD-PlatA-EB-elizabeth,elizabeth,,,,,,,,True,False,"Step free access to Westbound trains from Barbican is available via lifts within Farringdon's Long Lane entrance. The Long Lane entrance to Farringdon station is open during Elizabeth line service hours only. When this entrance is closed, step-free access is available at Farringdon Station."
HUBZFD,Farringdon,1,HUBZFD-PlatB-WB-elizabeth,elizabeth,,,,,,,,True,False,"Step free access to Westbound trains from Barbican is available via lifts within Farringdon's Long Lane entrance. The Long Lane entrance to Farringdon station during Elizabeth line service houres only. When this entrance is closed, step-free access is available at Farringdon Station."
HUBZMG,Moorgate,1,HUBZMG-Plat01-EB-circle|hammersmith-city|metropolitan,circle,,0.0,85.0,,0.0,50.0,,False,False,
HUBZMG,Moorgate,1,HUBZMG-Plat01-EB-circle|hammersmith-city|metropolitan,hammersmith-city,,0.0,85.0,,0.0,50.0,,False,False,
HUBZMG,Moorgate,1,HUBZMG-Plat01-EB-circle|hammersmith-city|metropolitan,metropolitan,,0.0,85.0,,0.0,50.0,,False,False,
HUBZMG,Moorgate,1,HUBZMG-Plat02-WB-circle|hammersmith-city|metropolitan,circle,,0.0,85.0,,0.0,50.0,,False,False,
HUBZMG,Moorgate,1,HUBZMG-Plat02-WB-circle|hammersmith-city|metropolitan,hammersmith-city,,0.0,85.0,,0.0,50.0,,False,False,
HUBZMG,Moorgate,1,HUBZMG-Plat02-WB-circle|hammersmith-city|metropolitan,metropolitan,,0.0,85.0,,0.0,50.0,,False,False,
HUBZMG,Moorgate,1,HUBZMG-Plat03-WB-circle|hammersmith-city|metropolitan,circle,,0.0,85.0,,0.0,50.0,,False,False,
HUBZMG,Moorgate,1,HUBZMG-Plat03-WB-circle|hammersmith-city|metropolitan,hammersmith-city,,0.0,85.0,,0.0,50.0,,False,False,
HUBZMG,Moorgate,1,HUBZMG-Plat03-WB-circle|hammersmith-city|metropolitan,metropolitan,,0.0,85.0,,0.0,50.0,,False,False,
HUBZMG,Moorgate,1,HUBZMG-Plat04-WB-circle|hammersmith-city|metropolitan,circle,,0.0,85.0,,0.0,50.0,,False,False,
HUBZMG,Moorgate,1,HUBZMG-Plat04-WB-circle|hammersmith-city|metropolitan,hammersmith-city,,0.0,85.0,,0.0,50.0,,False,False,
HUBZMG,Moorgate,1,HUBZMG-Plat04-WB-circle|hammersmith-city|metropolitan,metropolitan,,0.0,85.0,,0.0,50.0,,False,False,
HUBZMG,Moorgate,1,HUBZMG-Plat07-NB-northern,northern,,,,,,,,False,True,"For step-free access to the Northern line, customers need to use the Elizabeth line lifts at the Moorfields entrance which are open during Elizabeth line service hours. Lift access to/from Circle, Hammersmith & City and Metropolitan line platforms are available throughout London Underground service hours."
HUBZMG,Moorgate,1,HUBZMG-Plat08-SB-northern,northern,,,,,,,,False,True,"For step-free access to the Northern line, customers need to use the Elizabeth line lifts at the Moorfields entrance which are open during Elizabeth line service hours. Lift access to/from Circle, Hammersmith & City and Metropolitan line platforms are available throughout London Underground service hours."
HUBZMG,Moorgate,1,HUBZMG-Plat09-NB-national-rail,national-rail,,,,,,,,False,False,
HUBZMG,Moorgate,1,HUBZMG-Plat10-NB-national-rail,national-rail,,,,,,,,False,False,
HUBZWL,Whitechapel,2,HUBZWL-Plat01-EB-district|hammersmith-city,district,,,,,,,,False,False,
HUBZWL,Whitechapel,2,HUBZWL-Plat01-EB-district|hammersmith-city,hammersmith-city,,,,,,,,False,False,
HUBZWL,Whitechapel,2,HUBZWL-Plat02-WB-district|hammersmith-city,district,,,,,,,,False,False,
HUBZWL,Whitechapel,2,HUBZWL-Plat02-WB-district|hammersmith-city,hammersmith-city,,,,,,,,False,False,
HUBZWL,Whitechapel,2,HUBZWL-Plat05-NB-london-overground,windrush,,,,,,,,False,False,
HUBZWL,Whitechapel,2,HUBZWL-Plat06-SB-london-overground,windrush,,,,,,,,False,True,
HUBZWL,Whitechapel,2,HUBZWL-PlatA-EB-elizabeth,elizabeth,,,,,,,,True,False,
HUBZWL,Whitechapel,2,HUBZWL-PlatB-WB-elizabeth,elizabeth,,,,,,,,True,False,
940GZZBPSUST,Battersea Power Station,1,940GZZBPSUST-Plat01-NB-northern,northern,,0.0,85.0,,0.0,50.0,,False,False,
940GZZBPSUST,Battersea Power Station,1,940GZZBPSUST-Plat02-NB-northern,northern,,0.0,85.0,,0.0,50.0,,False,False,
940GZZNEUGST,Nine Elms,1,940GZZNEUGST-Plat01-NB-northern,northern,,0.0,85.0,,0.0,50.0,,False,False,
940GZZNEUGST,Nine Elms,1,940GZZNEUGST-Plat02-SB-northern,northern,,0.0,85.0,,0.0,50.0,,False,False,
910GBARKRIV,Barking Riverside,4,910GBARKRIV-Plat01-WB-london-overground,suffragette,,0.0,85.0,,0.0,50.0,,True,False,
910GBARKRIV,Barking Riverside,4,910GBARKRIV-Plat02-WB-london-overground,suffragette,,0.0,85.0,,0.0,50.0,,True,False,
